Municípios,Característica,Nome da Manifestação,Data,Pessoas,"Tipo deTrabalho",Tipo de Reivindicação,Organização,Tipo Vio.
Acre,,,,,,,,
Acrelândia,Terra,"Protesto por Construção deEscola/Seringal Porto Luiz",14/8/201,45,,Infraestrutura/ Educação,OI,
"Boca doAcre/RioBranco",Água,"Ato contra Poluição do LagoNovo",11/6/201,152,,"Defesa da água e domeio ambiente",ATR,
"Boca doAcre/RioBranco",Terra,Ocupação do Incra,15/8/201,400,,"Regularização fundiária/Crédito/ Assistênciatécnica/ Contra a injustiçae a violência",CNS/ CPT/ STR,
"Cruzeiro doSul",Política Agrícola,"Bloq. de Estrada/Com. doIgarapé Canela Fina",3/10/201,150,,Infraestrutura,CPT,
"Cruzeiro doSul",Política Agrícola,"Caminhada por Melhorias deVida no Campo",10/10/201,150,,"Crédito/ Infraestrutura/Assistência técnica/Educação/ Saúde",CPT/ STR,
Feijó,Terra,1o Grito da Terra,3/10/201,,,"Regularização fundiária/Crédito/ Educação/Saúde",STR,
Mâncio Lima,Política Agrícola,"Mobilização porRegularizaçãoFundiária/Ramal do 20",30/7/201,,,"Regularização fundiária/Crédito/ Infraestrutura",STR,
"ManoelUrbano",Terra,"Acampamento diante daPrefeitura",29/6/201,25,,Infraestrutura,CUT,
"Plácido deCastro",Terra,"Protesto no Ramal FaixaPreta/Seringal Capatará",20/7/201,170,,Infraestrutura,CPT,
Porto Acre,Terra,"Bloq. da AC-10/RamalEstrada Velha e Outros",16/3/201,60,,Infraestrutura,ATR,
Rio Branco,Política Agrícola,"Bloq. da AC-10/Pólo GeraldoFleming",13/7/201,,,Infraestrutura,OI,
Rio Branco,Terra,Grito da Terra,16/5/201,3000,,"Regularização fundiária/Crédito/ Infraestrutura",Fetacre,
Rio Branco,"QuestãoIndígena",Ocupação da Funasa,5/1/201,100,,Infraestrutura/ Saúde,Índios,
Rio Branco,Terra,"Bloq. da AC-40 e daBR-317/Ramal Castanheira",25/3/201,100,,Infraestrutura,OI,
Rio Branco,Terra,"Mobilização/PóloAgroflorestal Custódio Freire",24/1/201,,,Infraestrutura,ATR,
"SenaMadureira","Questõesambientais","Ato contra Retirada Ilegal deMadeira/Floresta Est. doAntimary",3/10/201,,,Contra Desmatamento,OI,
Subtotal:,,,16,4352,,,,
Alagoas,,,,,,,,
Arapiraca,Terra,"Ato Público durante Visita daDilma/Dia do Trab. Rural",26/7/201,,,"Incentivos à pequenaprodução/ ReformaAgrária/ Defesa da águae do meio ambiente/Soberania aliment",MST,
Atalaia,Terra,"Bloq. da BR-316/Pov.Ouricuri",20/6/201,300,,Infraestrutura,MST,
Craíbas,Terra,"Ato Público/Dia do Trab.Rural",25/7/201,,,"Incentivos à pequenaprodução/ ReformaAgrária/ Defesa da águae do meio ambiente/Soberania aliment",MST,
"DelmiroGouveia",Terra,"Ato Público/Dia do Trab.Rural",25/7/201,,,"Incentivos à pequenaprodução/ ReformaAgrária/ Defesa da águae do meio ambiente/Soberania aliment",MST,
,Terra,"Jornada de Lutas dos SemTerrinha",12/10/201,,,Infraestrutura/ Educação,MST,
Municípios,Característica,Nome da Manifestação,Data,Pessoas,,Tipo de Reivindicação,Organização,Tipo Vio.
Flexeiras,Terra,"Ato Público/Dia do Trab.Rural",25/7/201,,,"Incentivos à pequenaprodução/ ReformaAgrária/ Defesa da águae do meio ambiente/Soberania aliment",MST,
"Girau doPonciano",Terra,"Ato Público/Dia do Trab.Rural",25/7/201,,,"Incentivos à pequenaprodução/ ReformaAgrária/ Defesa da águae do meio ambiente/Soberania aliment",MST,
"JoaquimGomes",Terra,"Bloq. BR-101/Jornada deLuta por R. A.",14/4/201,300,,"Contra a injustiça e aviolência/ ReformaAgrária",MST,
Junqueiro,Terra,"Bloq. BR-101/Jornada deLuta por R. A./Áreas daProduban",14/4/201,200,,Reforma Agrária,MST,
Maceió,"QuestãoIndígena","Ocup. da Funai/T.I. Xucuru eKarapotó",26/10/201,30,,"Demarcação de áreaindígena/ Políticasp ú b  l ic a s",Índios,
Maceió,"QuestãoIndígena","Ato Público/T.I. Xucuru eKarapotó",2/12/201,,,"Cumprimento deacordos/ Educação/Saúde/ Direitoshumanos/ Demarcaçãode área indígena",Índios,
Maceió,Terra,Ocupação do Incra,8/2/201,75,,Reforma Agrária,MTL,
Maceió,Terra,"Acamp. na Pça. Sinimbu/Faz.Pitombeira",14/12/201,200,,"Reforma Agrária/Assentamento defamílias",LCP,
Maceió,Terra,"Acampamento em frente aoPalácio do Governo",19/1/201,600,,"Incentivos à pequenaprodução/ ReformaAgrária",LCP/ MTL,
Maceió,Terra,"Acamp. na PraçaSinimbu/Contra Despejos",9/2/201,,,"Contra a injustiça e aviolência/ ReformaAgrária","CPT/ MLST/MST/ MTL",
Maceió,Terra,"Ocup. do Porto/ContraDespejos",10/2/201,,,"Contra a injustiça e aviolência/ ReformaAgrária","CPT/ MLST/MLT/ MST",
Maceió,Terra,"Ocup. da Sec. de Agric. eIncra/Contra Despejos",11/2/201,2000,,"Contra a injustiça e aviolência/ ReformaAgrária","CPT/ MLST/MST/ MTL",
Maceió,"DireitosHumanos",12o Jejum da Solidariedade,15/4/201,,,"Reforma Agrária/Políticas públicas",CPT,
Maceió,"QuestãoIndígena",Comemoração Dia do Índio,18/4/201,,,"Educação/ Saúde/Demarcação de áreaindígena",Cimi,
Maceió,Terra,Grito da Terra,26/4/201,5000,,"Incentivos à pequenaprodução/ ReformaAgrária",Fetag/AL,
Maceió,Terra,"II Encontro Nacional dasSementes",6/7/201,150,,"Contra Transgênicos/Soberania alimentar/Contra agrotóxicos",ASA/ CPT/ MST,
Maceió,Terra,"Ocup. da Eletrobrás/Dia doAgricultor",19/7/201,,,"Infraestrutura/ Incentivosà pequena produção/Reforma Agrária/Políticas públicas",CPT,
Maceió,Terra,"Ocup. da Seagri/Dia doAgricultor",20/7/201,500,,"Crédito/ Infraestrutura/Políticas públicas",CPT,
Maceió,Terra,"Ato Público durante Visita daDilma/Dia do Trab. Rural",26/7/201,400,,"Reforma Agrária/Políticas públicas","CPT/ MLST/MST/ MTL",
Maceió,Terra,"Jornada Nac. ViaCampesina/Ocup. da Seagri",23/8/201,250,,"Infraestrutura/ ReformaAgrária/ Políticasp ú b  l ic a s",MST,
Maceió,Terra,"Jornada Nac. de Luta por R.A./Ocup. Eletrobrás",23/8/201,500,,Infraestrutura,MST,
Maceió,Terra,"Jornada Nac. de Luta por R.A./Ocup. do Incra",23/8/201,250,,"Infraestrutura/ ReformaAgrária",Via Campesina,
Maceió,Terra,"Jornada Est. da JuventudeCamponesa",1/11/201,180,,"Infraestrutura/ Educação/Reforma Agrária",CPT,
,Terra,"Vigília no AssentamentoOziel Alves",8/8/201,200,,"Contra a injustiça e aviolência",MST,
Municípios,Característica,Nome da Manifestação,Data,Pessoas,,Tipo de Reivindicação,Organização,Tipo Vio.
Maragogi,Terra,"Ato Público/Dia do Trab.Rural",25/7/201,,,"Incentivos à pequenaprodução/ ReformaAgrária/ Defesa da águae do meio ambiente/Soberania aliment",MST,
"MarechalDeodoro","Questõesambientais","24a Romaria da Terra e daÁgua",13/11/201,1100,,"Contra monocultura/Defesa da água e domeio ambiente",CEBs/ CPT,
"Matriz doCamaragibe",Terra,"Jornada de Lutas dos SemTerrinha",12/10/201,,,"Infraestrutura/ Educação/Saúde",MST,
Messias,Terra,"I Encontro das MulheresCamponesas da Mata Norte",17/3/201,70,,Contra agrotóxicos,CPT,
Murici,Terra,"Bloqueio da BR- 104/Assent.Pacas",28/4/201,120,,"Infraestrutura/ Educação/Saúde",MST,
Murici,Terra,"Bloq. BR-104/Faz.Cavaleiro/Us. Sta. Clotilde",24/1/201,375,,"Contra a injustiça e aviolência/ ReformaAgrária",MTL,
Penedo,Terra,"Ocup. da Pref./Assent. Novohorizonte",30/11/201,50,,"Infraestrutura/ Educação/Saúde/ Água",MST,
"São Luís doQuitunde",Terra,"Ocup. da Pref./ComplexoAgrisa Peixe",10/8/201,100,,"Infraestrutura/ Educação/Saúde",MST,
"São Luís doQuitunde",Terra,"Ocup. do BB/Jornada de Lutapor R. A.",14/4/201,200,,Reforma Agrária,MST,
"União dosPalmares",Terra,"Ato Público/Dia do Trab.Rural",25/7/201,,,"Incentivos à pequenaprodução/ ReformaAgrária/ Defesa da águae do meio ambiente/Soberania aliment",MST,
"União dosPalmares","QuestãoQuilombola",Bloqueio da AL- 205,9/9/201,120,,"Infraestrutura/ Educação/Políticas públicas",ARQM,
Subtotal:,,,40,13270,,,,
Amazonas,,,,,,,,
Barreirinha,"Questõesambientais","Protesto contra a Destruiçãodo Meio Ambiente",30/10/201,8000,,"Defesa da água e domeio ambiente",CPT/ Diocese,
Itacoatiara,Terra,"Protesto diante doFórum/Com. Rondon I e II,Jamanã e Outras",8/11/201,500,,"Contra a injustiça e aviolência",SI,
Lábrea,Terra,"Romaria da Terra e dasÁguas",28/8/201,300,,"Direitos humanos/Reforma Agrária/ Defesada água e do meioambiente",CPT,
Manaus,Terra,"Ato Público/Com. Pau Rosa eO u tr a s",28/7/201,,,Regularização fundiária,SI,
Manaus,Terra,"Ato Público/Com. Ribeirinhasdo Puraquequara",18/4/201,30,,Regularização fundiária,SI,
Manaus,Terra,"Ato Público/Com. Ribeirinhasdo Puraquequara e RioAmazonas",31/5/201,,,Regularização fundiária,SI,
Manaus,Terra,"Caminhada/Com. NovoParaíso",28/7/201,1000,,"Regularização fundiária/Infraestrutura","ATR/ Cáritas/CPT",
Manaus,Terra,"Ato Público/Com. Ribeirinhas- Rio Andirá",29/7/201,,,Regularização fundiária,SI,
"PresidenteFigueiredo",Terra,"Ato Público/Com. TerraSanta",27/7/201,50,,Regularização fundiária,SI,
Subtotal:,,,9,9880,,,,
Bahia,,,,,,,,
Água Fria,Terra,"Ocup. da Prefeitura/Assent.Menino Jesus",13/1/201,300,,Infraestrutura/ Educação,MST,
Barreiras,Terra,"Bloq. da BR-242/Faz. SantaRita",22/9/201,,,"Assentamento defamílias",MST,
"Boa Vista doTupim",Terra,Ocupação da Prefeitura,11/5/201,700,,"Infraestrutura/ Educação/Saúde",MST,
"Bom Jesus daLapa",Terra,"Romaria da Terra e dasÁguas",8/7/201,7000,,"Direitos humanos/Reforma Agrária/ Defesada água e do meioambiente",CPT,
,"Questõesambientais","Ato contra Lixo Atômico e emdefesa da Vida/Mina deUrânio INB",15/5/201,2000,,"Defesa da água e domeio ambiente","Cáritas/ CPT/Greenpeace",
Municípios,Característica,Nome da Manifestação,Data,Pessoas,,Tipo de Reivindicação,Organização,Tipo Vio.
Caetité,"Questõesambientais","Protesto diante daPrefeitura/Mina de UrânioINB",17/5/201,,,"Defesa da água e domeio ambiente","Cáritas/ CPT/Greenpeace",
Caetité,"Questõesambientais","Caminhada pela Retirada deMaterial Radioativo/Mina deUrânio INB",18/5/201,,,"Defesa da água e domeio ambiente","Cáritas/ CPT/Greenpeace",
Caetité,"Questõesambientais","Caminhada pela Retirada deMaterial Radioativo/Mina deUrânio INB",19/5/201,,,"Defesa da água e domeio ambiente","Cáritas/ CPT/Greenpeace","Ameaça deMorte"
Eunápolis,Terra,"Bloq. da BR-101/ContraDespejo em Áreas daV e r a c e  l",14/10/201,1000,,"Contra monocultura/Assentamento defamílias",CTB/ Fetag/BA,
Eunápolis,Terra,"Jornada de Luta dasMulheres/Ocup. da FazendaC e d r o",28/2/201,,,"Contra monocultura/Reforma Agrária/ Contraagrotóxicos",Via Campesina,
Eunápolis,Terra,"Jornada de Luta dasMulheres/Bloq. da BR-101",1/3/201,1500,,"Contra monocultura/Políticas públicas /Contra agrotóxicos",Via Campesina,
"Feira deSantana",Terra,"Bloq. da AvenidaSampaio/Quilombo Lucas daFeira",3/6/201,,,"Assentamento defamílias",Quilombolas,
"Feira deSantana",Terra,"Bloq. da BR-116/QuilomboLucas da Feira",5/9/201,,,"Assentamento defamílias",Quilombolas,
Ilhéus,Terra,"Contra o Complexo do PortoSul/Assent. Bom Gosto",18/4/201,200,,"Contra mineradoras/Contra Expropriação",ATR,
Ilhéus,Terra,"Contra Complexo PortoSul/Com. de Juerana",23/4/201,,,"Contra mineradoras/Contra Expropriação",ATR,
Ilhéus,Terra,"Contra o Complexo do PortoSul/Assent. Bom Gosto",14/9/201,150,,"Contra mineradoras/Contra Expropriação",ATR,
Itabela,Terra,Ocupação da Prefeitura,10/1/201,400,,"Infraestrutura/ Educação/Saúde",MST,
Itamaraju,Terra,Ocupação da Prefeitura,10/1/201,400,,"Infraestrutura/ Educação/Saúde",MST,
Itamaraju,Política Agrícola,"Ocupação do Banco doNordeste",23/8/201,1000,,Renegociação de dívidas,ATR,
Jacobina,"Questõesambientais","Bloqueio da Entrada daMineradora Yamana Gold",8/6/201,400,,"Defesa da água e domeio ambiente/ Contramineradoras",SS,
Juazeiro,Terra,"Jornada de Luta dasMulheres/Bloq. da PontePresidente Dutra",1/3/201,800,,"Crédito/ Infraestrutura/Reforma Agrária/ Água",Via Campesina,
Juazeiro,"Questõesambientais","Caminhada/CampanhaPermanente contra osAgrotóxicos e pela Vida",29/7/201,130,,"Defesa da água e domeio ambiente/ Contraagrotóxicos",Via Campesina,
Juazeiro,Terra,"Acamp. diante daUnivasf/Jornada Nacional deLutas",22/8/201,400,,"Renegociação de dívidas/Incentivos à pequenaprodução/ Contrabarragens/ Contraagrotóxicos",Via Campesina,
Macarani,Terra,"Vigília diante do Fórum/Faz.In g a z e  ir a",2/9/201,200,,"Assentamento defamílias",MST,
Mascote,Terra,Bloqueio da BR-101/Km 630,21/4/201,800,,"Infraestrutura/ ReformaAgrária",MST,
Monte Santo,Terra,"Ato Público/Com. Serra doBode",9/2/201,400,,"Regularização fundiária/Contra a injustiça e aviolência",SI,
Mucuri,Terra,Ocupação da Prefeitura,10/1/201,400,,"Infraestrutura/ Educação/Saúde",MST,
Paulo Afonso,Terra,"Bloq. da BR-110/JornadaNac. de Lutas",5/4/201,400,,"Contra a injustiça e aviolência/ ReformaAgrária",MST,
Paulo Afonso,Terra,"Ocup. do Complexo daChesf/Jornada Nac. de Lutas",23/8/201,1000,,"Infraestrutura/ Educação/Renegociação de dívidas/Reforma Agrária",Via Campesina,
Porto Seguro,"QuestãoIndígena","Ocup. da Funasa/AldeiaCoroa Vermelha e outras",2/2/201,150,,Saúde,Índios,
Porto Seguro,"QuestãoIndígena","Ocup. da Funasa/AldeiaVelha",1/2/201,,,Saúde,Índios,
Municípios,Característica,Nome da Manifestação,Data,Pessoas,,Tipo de Reivindicação,Organização,Tipo Vio.
Prado,Terra,Ocupação da Prefeitura,10/1/201,400,,"Infraestrutura/ Educação/Saúde",MST,
Salvador,Terra,"Ato Público/Acamp. TerraNossa",15/3/201,30,,"Contra a injustiça e aviolência",MPA,
Salvador,Terra,"Ato Público/Acamp. TerraNossa",11/8/201,20,,"Contra a injustiça e aviolência",MPA,
Salvador,Água,"Bloq. da Rod. de Acesso aoPorto de Aratu/Ilha de Maré eOutras",6/10/201,700,,"Defesa da água e domeio ambiente",MPPA,
Salvador,Trabalhista,"Ato diante da SRTE/Combateao Trabalho Escravo",28/1/201,,,"Contra a injustiça e aviolência/ Contraimpunidade",Sinait,
Salvador,Terra,Ocupação do Incra,5/4/201,,,"Contra a injustiça e aviolência/ ReformaAgrária",MST,
Salvador,Terra,"Caminhada/Ocupação doIncra",6/4/201,1700,,"Contra a injustiça e aviolência/ ReformaAgrária",MST,
Salvador,Terra,"Ocup. da Seagri/JornadaNac. de Lutas",11/4/201,3000,,"Crédito/ Educação/Saúde/ Assentamento defamílias",MST,
Salvador,Terra,Ocupação da Seagri,9/5/201,1200,,"Desapropriação/Regularização fundiária/Infraestrutura/ Educação",Ceta/ MTD,
Salvador,"Questõesambientais","Protesto contra Mudanças noCódigo Florestal",13/5/201,300,,"Regularização fundiária/Reforma Agrária/ Defesada água e do meioambiente","AATR/ Ceta/CPP/ CPT",
Salvador,Terra,"Protesto na Av.Paralela/Ocup. da Seagri",16/5/201,,,"Infraestrutura/ Educação/Reforma Agrária",Ceta/ MTD,
Salvador,Terra,"Ato diante da Sede daGovernadoria doEstado/Ocup. da Seagri",17/5/201,,,"Infraestrutura/ Educação/Reforma Agrária",Ceta/ MPA,
Salvador,Terra,Ocupação do Incra,6/6/201,600,,Regularização fundiária,"Pescadores/Quilombolas",
Salvador,Terra,Caminhada/Ocup. do Incra,7/6/201,,,"Regularização fundiária/Infraestrutura/Cumprimento de acordos","Pescadores/Quilombolas",
Salvador,Terra,Grito da Terra,27/7/201,5000,,"Educação/ Saúde/Incentivos à pequenaprodução/ ReformaAgrária",Fetag/BA,
Salvador,Terra,"Bloq. da AvenidaParalela/Jornada Nac. deLutas",25/8/201,1000,,"Assentamento defamílias",Via Campesina,
Salvador,Terra,"Ocup. da Secret. deEducação/Jorn. PedagógicaEstadual",10/10/201,1300,,"Cumprimento deacordos/ Educação",MST,
Salvador,Terra,"Bloq. da BA-528/ContraDespejo/Com. Quil. Rio dosMacacos",1/11/201,,,Regularização fundiária,Quilombolas,
"São Franciscodo Conde",Água,"Ato em defesa da Ilha deCajaíba",12/4/201,500,,"Regularização fundiária/Contra privatização/Defesa da água e domeio ambiente",Mopeba,
"Senhor doBonfim",Água,"Ocup. da Embasa/Barragemde Pedras Altas",12/12/201,120,,Água,MPA,
"Senhor doBonfim","Questõesambientais","Panfletagem sobre Impactosdas Mineradores Ferbasa eCimpor",25/5/201,4000,,"Defesa da água e domeio ambiente/ Contramineradoras",SI,
Simões Filho,Terra,"Protesto contra DespejoJudicial/Com. Quil. Rio dosMacacos",22/7/201,300,,Regularização fundiária,Quilombolas,
Simões Filho,Terra,"Bloq. da BA-093/ContraDespejo/Com. Quil. Rio dosMacacos",1/11/201,,,Regularização fundiária,Quilombolas,
"Vitória daConquista",Terra,"Jornada de Luta dasMulheres/Caminhada contraAgrotóxicos",2/3/201,500,,"Infraestrutura/Renegociação de dívidas/Contra agrotóxicos",Via Campesina,
Municípios,Característica,Nome da Manifestação,Data,Pessoas,,Tipo de Reivindicação,Organização,Tipo Vio.
Ceará,,,,,,,,
Caucaia,"Questõesambientais","Protesto contra o Eixão dasÁguas",3/11/201,200,,"Contra Desmatamento/Defesa da água e domeio ambiente",Índios,
Crato,"Questõesambientais","12a Romaria da CEB's aoCaldeirão do Beato JoséLourenço",17/9/201,2000,,"Contra monocultura/Contra Desmatamento/Contra agrotóxicos",CEBs/ CPT,
Fortaleza,"Questõesambientais","Manif. contraMineradoras/ÍndiosAnacé/Pitaguary/Tapeba",15/9/201,200,,Contra mineradoras,Índios,
Fortaleza,"Questõesambientais","Jornada de Luta dasMulheres Camponesas",2/3/201,600,,"Contra a injustiça e aviolência/ Contraagrotóxicos",Via Campesina,
Fortaleza,Terra,Ocupação do Incra,25/3/201,200,,"Infraestrutura/Assistência técnica/Reforma Agrária",Fetraece/ MST,
Fortaleza,Terra,"Ocup. do SDA/Jornada deLutas por R. A.",11/4/201,700,,"Educação/ Contraimpunidade/ Contraagrotóxicos",MST,
Fortaleza,Terra,Ocupação do Incra,6/6/201,,,"Assistência técnica/Educação/ ReformaAgrária",MST,
Fortaleza,Terra,"13o Grito da Terra/Ocup. daSDA",12/7/201,2000,,"Cumprimento deacordos/ Políticasp ú b  l ic a s",Fetraece,
Fortaleza,"Questõesambientais","Jornada Nac. de Lutas/Ocup.do Dnocs",23/8/201,1000,,"Educação/ Incentivos àpequena produção/Contra barragens/ Água/Contra agrotóxicos",MST,
Fortaleza,Terra,Ocupação do Incra,17/10/201,200,,"Cumprimento deacordos/ Renegociaçãode dívidas/ ReformaAgrária",MST,
Fortaleza,"Questõesambientais","Ato Público contra Mina deUrânio de Itataia",5/5/201,50,,Contra mineradoras,"Cáritas/ CPT/MST",
Icó,"Questõesambientais","Jornada Nac. deLutas/Acamp. na frente doDnocs",23/8/201,200,,"Educação/ Incentivos àpequena produção/Contra barragens/ Água/Contra agrotóxicos",MPA/ MST,
Itapipoca,Terra,"15a Romaria/Testemunhodos Mártires, Terra, Água eDignidade",7/8/201,20000,,"Contra monocultura/Contra a injustiça e aviolência/ Defesa daágua e do meioambiente/ Contra mine",CPT,
Itarema,"QuestãoIndígena","Protesto por Titulação em T.I./ Assembleia das MulheresIndígenas",28/10/201,35,,"Saúde/ Direitoshumanos/ Demarcaçãode área indígena",Índios,
Itarema,Terra,"10a Jornada da JuventudeSem Terra",10/8/201,300,,"Educação/ ReformaAgrária/ Políticasp ú b  l ic a s",MST,
"Limoeiro doNorte","Questõesambientais","Caminhada contraAgrotóxico/Proj. Irrig. Apodi",20/4/201,,,Contra agrotóxicos,"Cáritas/ CPT/MST",
"Limoeiro doNorte","DireitosHumanos","Caminhada em Memória deJosé Maria",21/4/201,500,,"Contra a injustiça e aviolência/ Contraimpunidade","Cáritas/ CPT/MST",
Santa Quitéria,"Questõesambientais","Jornada de Luta dasMulheres/Contra Mina deItataia",2/3/201,500,,Contra mineradoras,Via Campesina,
Subtotal:,,,18,28685,,,,
Distrito Federal,,,,,,,,
Brasília,Terra,4a Marcha das Margaridas,17/8/201,70000,,"Educação/ Saúde/ Contraa injustiça e a violência/Soberania alimentar",Contag,
Brasília,"QuestãoIndígena",Acampamento Terra Livre,2/5/201,800,,"Contra barragens/Questão Indígena",Índios,
Municípios,Característica,Nome da Manifestação,Data,Pessoas,,Tipo de Reivindicação,Organização,Tipo Vio.
Brasília,Terra,Grito da Terra Brasil,18/5/201,6000,,"Assistência técnica/Questões ambientais/Assentamento defamílias/ Políticasp ú b  l ic a s",Contag,
Brasília,Água,"Protesto contra Construçãoda UHE Belo Monte",8/2/201,500,,Contra barragens,"Cimi/ MAB/MXV*",
Brasília,"QuestãoIndígena",Protesto Indígena,22/2/201,40,,"Demarcação de áreaindígena",Índios,
Brasília,Água,"Acamp. no Parque daCidade/Enc. Nac. deMulheres Atingidas porBarragens",4/4/201,,,"Contra barragens/ Contraagrotóxicos",MAB,
Brasília,Terra,"Acampamento em frente aoIncra",4/4/201,50,,"Contra monocultura/Questões ambientais/Contra Desmatamento",Fetraf,
Brasília,Água,"Ato Político/Enc. Nac. deMulheres Atingidas porBarragens",5/4/201,,,"Contra a injustiça e aviolência/ Contrabarragens",MAB,
Brasília,"Questõesambientais","Ato contra Agrotóxicos e asMudanças no CódigoFlorestal",7/4/201,1500,,"Questões ambientais/Contra agrotóxicos","Greenpeace/MAB/ MST",
Brasília,Água,"Ato Público/Enc. Nac. deMulheres Atingidas porBarragens",7/4/201,,,"Contra a injustiça e aviolência/ Contrabarragens/ ContraTransnacionais",MAB,
Brasília,Terra,Ocupação do Incra,14/4/201,1000,,,MST,
Brasília,Política Agrícola,"Ato Público/Jornada Nacionalde Lutas",16/5/201,,,"Incentivos à pequenaprodução/ Políticasp ú b  l ic a s",MPA,
Brasília,"Questõesambientais","Ato contra as Mudanças noCódigo Florestal",24/5/201,2000,,"Contra monocultura/Questões ambientais/Contra Desmatamento/Defesa da água e domeio ambiente","Fetraf/ ViaCampesina",
Brasília,"Questõesambientais","Acamp. Aroeira/Contra asMudanças no CódigoFlorestal e Belo Monte",31/7/201,,,"Contra barragens/ Defesada água e do meioambiente",OI,Agressão
Brasília,"Questõesambientais","Manifestação contra BeloMonte",20/8/201,100,,"Questões ambientais/Contra barragens",Índios/ OI,
Brasília,Terra,"Acamp. no Ginásio NilsonNelson/Jorn. Nac. de Lutaspor Ref. Agrária",22/8/201,,,"Educação/ Renegociaçãode dívidas/ Questõesambientais/ ReformaAgrária",Via Campesina,
Brasília,Terra,"Marcha/Ocup. do Min. daFazenda/Jorn. Nac. de Lutaspela Ref. Agrária",23/8/201,,,"Crédito/ Infraestrutura/Renegociação de dívidas/Questões ambientais/Indenização/ ReformaAgrária",Via Campesina,
Brasília,Terra,"Marcha/Jorn. Nac. de Lutaspela Ref. Agrária",25/8/201,,,"Educação/ Renegociaçãode dívidas/ ReformaAgrária",Via Campesina,
Brasília,Terra,"Bloq. do Acesso ao Min. daFazenda/Jorn. Nac. de Lutaspela Reforma Agrária",26/8/201,4000,,"Crédito/ Renegociaçãode dívidas/ ReformaAgrária",Via Campesina,
Brasília,"QuestãoQuilombola","Acamp. diante do Palácio doPlanalto/Quil. Brejo dosCrioulos",28/9/201,100,,"Titulação de áreaquilombola",Quilombolas,
Brasília,"QuestãoQuilombola","Protesto diante doIncra/Quilombos: Kalunga eMorro Alto",30/9/201,40,,Regularização fundiária,Quilombolas,
Brasília,"QuestãoQuilombola","Marcha/Campanha Nac.pelos Direitos dos PovosQuilombolas",7/11/201,600,,"Titulação de áreaquilombola",Quilombolas,
Brasília,Terra,"Ato Público/Área Rural emSão Sebastião e Outras",15/2/201,600,,"Regularização fundiária/Infraestrutura/ Políticasp ú b  l ic a s",MAST,
Brazlândia,Terra,"Ocup. da Faz. da Assoc. dosAgrônomos do Incra",31/1/201,150,,"Desapropriação/ Políticasp ú b  l ic a s",MST,
Municípios,Característica,Nome da Manifestação,Data,Pessoas,,Tipo de Reivindicação,Organização,Tipo Vio.
Espírito Santo,,,,,,,,
Anchieta,"QuestãoIndígena","Atividade pela Demarcaçãode Território/Chapada do A",26/3/201,,,"Demarcação de áreaindígena",Índios,
Serra,Política Agrícola,"Jornada de Luta dasMulheres/Marcha",1/3/201,,,Contra monocultura,Via Campesina,
Vila Velha,Terra,"Ocup.do Incra/Jornada Nac.de Lutas",22/8/201,400,,Reforma Agrária,Via Campesina,
Vila Velha,Terra,Ocupação do Incra,4/4/201,100,,Reforma Agrária,MST,
Vitória,Política Agrícola,"Acamp. Clube ÁlvaresCabral/Jornada Nac. de Lutas",16/5/201,,,"Incentivos à pequenaprodução/ Questõesambientais",MPA,
Vitória,Política Agrícola,"Caminhada/Jornada Nacionalde Lutas",17/5/201,,,"Renegociação de dívidas/Políticas públicas",MPA,
Vitória,Política Agrícola,"Ocup. do Banco doBrasil/Jornada Nac. de Lutas",18/5/201,2000,,"Renegociação de dívidas/Incentivos à pequenaprodução/ Políticasp ú b  l ic a s",MPA,
Vitória,Terra,"Ato em frente ao PalácioAnchieta/Ocup. do Incra",25/8/201,400,,Reforma Agrária,Via Campesina,
Vitória,Terra,"Ocup. Incra/Jornada Nac. deLutas",30/11/201,150,,Reforma Agrária,MST,
Subtotal:,,,9,3050,,,,
Goiás,,,,,,,,
Acreúna,Terra,"Ato pela Liberdade dos Trab.Presos na Faz. Santa Fé",4/11/201,11,,"Contra a injustiça e aviolência",MST,
Caçu,Terra,"Celebração/Memória 25 anosdo Martírio de Vilmar deCastro",23/10/201,150,,"Contra a injustiça e aviolência",CPT,
Caldas Novas,Política Agrícola,Ocupação do Banco do Brasil,30/11/201,200,,Crédito,MCP,
Campinorte,Política Agrícola,"I Festa Camponesa eCelebração da Colheita",18/6/201,400,,"Incentivos à pequenaprodução/ Contramonocultura",CPT,
Catalão,Política Agrícola,Ocupação do Banco do Brasil,30/11/201,300,,Crédito,MCP,
Crixás,Política Agrícola,Ocupação do Banco do Brasil,30/11/201,500,,Crédito,MCP,
Goiânia,"Questõesambientais","Lançamento Camp. contra osAgrotóxicos e Pela Vida",8/4/201,50,,Contra agrotóxicos,Via Campesina,
Goiânia,Terra,Jornada Nacional de Lutas,10/4/201,800,,"Contra a injustiça e aviolência/ ReformaAgrária/ Contraagrotóxicos",MST,
Goiânia,Terra,"Caminhada contraPrivatizações",12/4/201,2000,,Contra privatização,"CUT/ MCP/MST",
Goiânia,Terra,"Contra Privatizações/Protestodiante da Seagro",12/4/201,,,"Incentivos à pequenaprodução",MCP/ MST,
Goiânia,Trabalhista,Protesto/Dia do Trabalho,1/5/201,300,,Questões trabalhistas,CUT/ MST,
Goiânia,"Questõesambientais",Ocupação do Incra,27/6/201,200,,"Defesa da água e domeio ambiente","Fetraf/ MLST/MTL",
Goiânia,Terra,"Ocup. do Incra/Jornada Nac.de Lutas",21/11/201,250,,Reforma Agrária,Via Campesina,
Goiânia,Terra,"Vigília diante doMPF/Jornada Nac. de Lutas",28/11/201,250,,Reforma Agrária,Via Campesina,
Goiânia,Terra,Ocupação do Incra,30/11/201,400,,"Assentamento defamílias",MAB,
Goiânia,Terra,Ocupação do Banco do Brasil,30/11/201,300,,Desapropriação,MAB,
"Goiânia/Brasília",Terra,"Ato Público/Lanç. da Marchada Reforma Agrária doSéculo XXI",21/8/201,,,Reforma Agrária,"CPT/ CUT/Fetraf/ MLST",
"Goiânia/Brasília",Terra,"Marcha da Reforma  Agráriado Século XXI",22/8/201,1300,,Reforma Agrária,"CPT/ CUT/Fetraf/ MLST",
Goiás,Política Agrícola,"VII Festa da Colheita daDiocese de Goiás",25/6/201,1500,,"Incentivos à pequenaprodução/ Contramonocultura",CPT/ Diocese,
Subtotal:,,,19,8911,,,,
Maranhão,,,,,,,,
Municípios,Característica,Nome da Manifestação,Data,Pessoas,,Tipo de Reivindicação,Organização,Tipo Vio.
Açailândia,"Questõesambientais","Bloq. da BR-222/Com. Piquiáde Baixo",7/12/201,3000,,Reassentamento,CDVDH,
Açailândia,"Questõesambientais","Protesto contra PrejuízosCausados pela Vale/Acamp.João do Vale",3/3/201,350,,"Contra monocultura/Defesa da água e domeio ambiente/ Contramineradoras",Via Campesina,
"Alto Alegre doPindaré","QuestãoIndígena","Bloq. da Estrada de FerroCarajás/Aldeia Maçaranduba",9/2/201,,,Educação/ Saúde,Índios,
Brejo,"QuestãoQuilombola","Encontro das Com. Quil. doBaixo Parnaíba/Alto Bonito",21/5/201,200,,"Titulação de áreaquilombola",Quilombolas,
"Centro Novodo Maranhão",Terra,"Ato Público/P. A. Lago Azul eSabiá/MCT Mineração Ltda",20/9/201,100,,Contra mineradoras,SI,
Imperatriz,Terra,"Ocup. do Incra/MemóriaMassacre Eldorado/Jornadade Lutas",14/4/201,200,,"Crédito/ Renegociaçãode dívidas/ Contraimpunidade/ ReformaAgrária",MST,
São Luís,Terra,"Ato Público/ComunidadesImpactadas pela SuzanoPapel Celulose",20/7/201,,,Regularização fundiária,SI,
São Luís,Terra,"Ocup. do Incra/MemóriaMassacre Eldorado/Jornadade Luta",14/4/201,200,,"Crédito/ Renegociaçãode dívidas/ Contraimpunidade/ ReformaAgrária",MST,
São Luís,Trabalhista,"Ato Público por Instauraçãoda CPI Sobre TrabalhoEscravo",31/5/201,,,Questões trabalhistas,CDVDH/ CPT,
São Luís,Terra,"Acampamento NegroFlaviano",1/6/201,100,,"Contra a injustiça e aviolência/ Demarcaçãode área indígena/Titulação de áreaquilombola","Cáritas/ CPT/Quilombolas",
São Luís,Terra,"Ocup. do Incra/Acamp. NegroFlaviano",3/6/201,,,"Contra a injustiça e aviolência/ Demarcaçãode área indígena/Titulação de áreaquilombola","Cáritas/ CPT/Quilombolas",
São Luís,Terra,"Jejum contra Violência noCampo/Acamp. NegroF  la v  ia n o",9/6/201,,,"Contra a injustiça e aviolência/ Demarcaçãode área indígena/Titulação de áreaquilombola","Cáritas/ CPT/Quilombolas",
São Luís,Terra,"Acamp. diante doTJ/Desdobramento doAcamp. Negro Flaviano",23/8/201,,,"Cumprimento deacordos/ Contra ainjustiça e a violência/Demarcação de áreaindígena/ Titulação de","CPT/ Índios/MST/Quilombolas",
São Luís,Terra,"Ocup. doIncra/Desdobramento doAcamp. Negro Flaviano",25/8/201,300,,"Regularização fundiária/Assentamento defamílias","CPT/ Índios/MST/Quilombolas",
São Luís,Terra,"Ocup. doIncra/Desdobramento doAcamp. Negro Flaviano",30/9/201,100,,"Contra a injustiça e aviolência/ Demarcaçãode área indígena/Titulação de áreaquilombola","Índios/Quilombolas",
São Luís,Terra,Bloqueio da BR-135,3/10/201,,,Infraestrutura,SI,
São Luís,Terra,"Caminhada/Desdobramentodo Acamp. Negro Flaviano",5/10/201,100,,"Contra a injustiça e aviolência/ Demarcaçãode área indígena/Titulação de áreaquilombola","Índios/Quilombolas",Agressão
"Serrano doMaranhão",Terra,"Protesto/Com. Quilombola deFrechal dos Campos",21/5/201,36,,"Regularização fundiária/Contra Grilagem",Quilombolas,
"UrbanoSantos",Terra,"Contra Avanço de Tratoresda Suzano PapelCelulose/Com. Bracinho",17/5/201,,,Questões ambientais,SI,Intimidação
Subtotal:,,,20,16686,,,,
Mato Grosso,,,,,,,,
Municípios,Característica,Nome da Manifestação,Data,Pessoas,,Tipo de Reivindicação,Organização,Tipo Vio.
Aripuanã,"QuestãoIndígena","Ocup. da UHE Dardanelos/T.I. Rio Branco Alegria/Arara",8/6/201,60,,Cumprimento de acordos,Índios,
Aripuanã,"QuestãoIndígena","Ocup. da UHEDardanelos/Arara",21/11/201,50,,Cumprimento de acordos,Índios,
"Barra doGarças","QuestãoIndígena","Bloq. da BR-070/XavanteW a r ã",15/12/201,,,Infraestrutura,Índios,
"Barra doGarças",Trabalhista,"Dia de Combate ao TrabalhoE s c r a v o",28/1/201,150,,"Contra a injustiça e aviolência",CPT,
Cáceres,Terra,"Bloq. da BR-070/Faz. NovaMutum",17/10/201,450,,"Assentamento defamílias",MST,
Cáceres,Terra,"Ocup. do Incra/JornadaNacional de Lutas",20/8/201,,,"Educação/ ReformaAgrária",Via Campesina,
Cáceres,"Questõesambientais","Ato/Campanha contraAgrotóxicos e pela Vida",12/11/201,96,,Contra agrotóxicos,Via Campesina,
Campo Verde,Política Agrícola,"Protesto contra oAgronegócio/Jornada Nac. deLutas",21/4/201,,,"Incentivos à pequenaprodução/ Contramonocultura",MST,
Cláudia,Terra,"Ocup. da Prefeitura/JornadaNac. de Lutas",21/4/201,,,Educação,MST,
Colider,"QuestãoIndígena","Protesto diante daPrefeitura/Aldeia TerenaKopenuti",15/6/201,400,,"Infraestrutura/Cumprimento de acordos",Índios,
Colider,Terra,"Ocup. do Incra/Gleba Nhandue Outras",9/3/201,42,,"Regularização fundiária/Assentamento defamílias",OI,
Colider,"QuestãoIndígena",Ocupação da Funai,1/12/201,40,,Questão Indígena,Índios,
Confresa,Terra,"Mob. na CâmaraMunicipal/Assent. Fartura",31/8/201,6,,Crédito,OI,
Cuiabá,Terra,"Bloq. da BR-364/Faz.Bigorna/Acamp. Flor da Serra",10/8/201,,,Desapropriação,MST,
Cuiabá,Terra,"Protesto diante do PalácioPaiaguás/Acamp. MonteCarmelo",19/1/201,31,,"Contra a injustiça e aviolência",ATR,
Cuiabá,Terra,"Acampamento diante doIncra",29/4/201,350,,"Assentamento defamílias",MST,
Cuiabá,"QuestãoIndígena",Ocupação do Dsei,26/5/201,110,,Saúde,Índios,
Cuiabá,"Questõesambientais","Ato/Lançamento daCampanha contra osAgrotóxicos e pela Vida",2/6/201,180,,Contra agrotóxicos,Via Campesina,
Cuiabá,Terra,"Ocup. do Incra/JornadaNacional de Lutas",22/8/201,150,,"Educação/ ReformaAgrária",Via Campesina,
Cuiabá,Terra,"Protesto diante da CâmaraMunicipal/Jornada Nac. deLutas",25/8/201,,,"Contra privatização daágua",Via Campesina,
Cuiabá,Terra,Ocupação do Incra,22/11/201,150,,"Assentamento defamílias",MST,
"Guarantã doNorte",Terra,"Ocup. do Incra/Acamp. IrmãDorothy e Outros",9/3/201,57,,"Assentamento defamílias",OI,
"Guarantã doNorte","QuestãoIndígena",Bloqueio da BR-163,13/9/201,,,Infraestrutura/ Saúde,Índios,
Itaúba,"QuestãoIndígena","Bloq. da BR-163/AldeiaTerena Kopenuti",13/3/201,,,Cumprimento de acordos,Índios,
Itaúba,"QuestãoIndígena","Bloq. da BR 163/AldeiaTerena Kopenuti",17/3/201,200,,Cumprimento de acordos,Índios,
Itaúba,Terra,Bloqueio da BR-163,17/10/201,500,,"Crédito/ Renegociaçãode dívidas/Assentamento defamílias",MST,
"Mirassol doOeste",Terra,"Bloq. da BR-070/ContraDespejo Faz. Rancho Verde",3/8/201,,,"Contra a injustiça e aviolência/ Assentamentode famílias",MST,
"Mirassol doOeste",Política Agrícola,"Protesto contra oAgronegócio/Jornada Nac. deLutas",24/4/201,,,"Incentivos à pequenaprodução/ Contramonocultura",MST,
Municípios,Característica,Nome da Manifestação,Data,Pessoas,,Tipo de Reivindicação,Organização,Tipo Vio.
Nortelândia,Terra,"Grito da Terra/PelaDesapropriação da Faz.Camargo Correa",1/5/201,500,,Desapropriação,Sintraf,
"NovaXavantina","QuestãoIndígena","Bloq. da BR-158/XavanteWarã",15/12/201,,,Infraestrutura,Índios,
Paranaíta,Água,"Ato contra Construção daUHE Samuel/PCHs Rio TelesPires",18/10/201,,,"Contra barragens/ Defesada água e do meioambiente",Índios,
Poconé,Política Agrícola,Dia do Trabalhador Rural,25/7/201,400,,"Regularização fundiária/Renegociação de dívidas/Questões ambientais",Fetagri/MT,
"Porto Alegredo Norte","Questõesambientais","Panfletagem contraAgrotóxicos",14/10/201,500,,Contra agrotóxicos,CPT,
"Porto Alegredo Norte","Questõesambientais","Ato/Campanha contraAgrotóxicos e pela Vida",27/10/201,100,,Contra agrotóxicos,Via Campesina,
"RibeirãoCascalheira",Terra,"Romaria dos Mártires daCaminhada",16/7/201,4000,,"Direitos humanos/Reforma Agrária/Questão Indígena/Defesa da água e domeio ambiente",Prelazia,
Rio Branco,"Questõesambientais","Ato/Campanha contraAgrotóxicos e pela Vida",24/11/201,,,Contra agrotóxicos,Via Campesina,
Rondonópolis,"DireitosHumanos","Mobilização por Garantia dosDireitos das TrabalhadorasRurais",8/3/201,150,,"Contra a injustiça e aviolência",SS,
Rondonópolis,Trabalhista,"Mobilização pelos Direitosdos Trabalhadores Rurais",1/5/201,350,,"Infraestrutura/ Questõestrabalhistas",STR,
Rondonópolis,Terra,"Protesto diante do Banco doB r a s  i l",17/10/201,70,,Renegociação de dívidas,MST/ STR,
Rondonópolis,"Questõesambientais","Ato pela Preservação dasNascentes do Rio Arareau",13/11/201,65,,"Defesa da água e domeio ambiente",CPT,
Rondonópolis,"Questõesambientais","Ato/Campanha contra osAgrotóxicos e pela Vida",17/11/201,289,,"Defesa da água e domeio ambiente/ Contraagrotóxicos",Via Campesina,
"São Félix doAraguaia",Terra,"Ocup. do Incra/Assent.Fartura/Faz. Roncador",8/4/201,200,,Regularização fundiária,OI,
"São José dosQuatroMarcos","Questõesambientais","Ato/Campanha contraAgrotóxicos e pela Vida",27/10/201,,,Contra agrotóxicos,Via Campesina,
Sapezal,"QuestãoIndígena",Ocupação da Prefeitura,20/6/201,120,,Infraestrutura,Índios,
Sinop,Terra,Bloqueio da BR-163,17/10/201,400,,"Crédito/ Renegociaçãode dívidas/Assentamento defamílias",MST,
"Tangará daSerra",Política Agrícola,"Protesto contra oAgronegócio/Jornada Nac. deLutas",24/4/201,,,"Incentivos à pequenaprodução/ Contramonocultura",MST,
"Tangará daSerra","Questõesambientais","Ato/Campanha contraAgrotóxicos e pela Vida",27/10/201,,,Contra agrotóxicos,Via Campesina,
União do Sul,"Questõesambientais","Ato contra Destruição deSeringueiras/P. A. Jaguaribe",19/2/201,30,,Questões ambientais,OI,
"VárzeaGrande",Terra,"Bloq. do Trevo doLagarto/Jornada Nac. deLutas",11/4/201,,,"Infraestrutura/Assistência técnica/Reforma Agrária/Políticas públicas",MST,
"VárzeaGrande",Terra,"Bloq. do Trevo doLagarto/Jornada Nac. deL u t a s",12/4/201,300,,"Infraestrutura/Assistência técnica/Reforma Agrária/Políticas públicas",MST,
"VárzeaGrande",Terra,Protesto diante da Prefeitura,18/4/201,300,,Políticas públicas,MST,
"VárzeaGrande",Terra,"Mobilização/JornadaNacional de Lutas",24/8/201,,,"Infraestrutura/ Educação/Saúde",Via Campesina,
Subtotal:,,,54,11076,,,,
Mato Grosso do Sul,,,,,,,,
Municípios,Característica,Nome da Manifestação,Data,Pessoas,,Tipo de Reivindicação,Organização,Tipo Vio.
Amambaí,"QuestãoIndígena","Marcha contra o Genocídiodos Povos Indígenas e pelaPaz",30/11/201,500,,"Contra a injustiça e aviolência/ Demarcaçãode área indígena",Índios,
Caarapó,"QuestãoIndígena","Protesto contra Falta deÁgua/Aldeia Te'yikue",26/10/201,130,,Infraestrutura/ Água,Índios,
Caarapó,"QuestãoIndígena","Bloq. da MS-280/AldeiaTe'yikue",3/11/201,180,,Infraestrutura/ Água,Índios,
"CampoGrande",Terra,Bloqueio da MS-060,21/3/201,100,,"Infraestrutura/ ReformaAgrária","CUT/ Fetagri/MST",
"CampoGrande","QuestãoIndígena","Manifestação em defesa dosPovos Indígenas",13/8/201,200,,"Contra a injustiça e aviolência/ QuestãoIndígena",Cimi/ CPT,
"CampoGrande",Terra,Ocupação do Incra,22/8/201,300,,Reforma Agrária,CUT/ MST,
"CampoGrande","QuestãoIndígena","Ato contra a Impunidade eem defesa dos PovosIndígenas",25/11/201,54,,"Contra a injustiça e aviolência/ Demarcaçãode área indígena",SS,
"CampoGrande","QuestãoIndígena","Ato em Memória dosIndígenas Assassinados",14/12/201,250,,"Contra a injustiça e aviolência/ Demarcaçãode área indígena",Índios,
Douradina,"QuestãoIndígena","1o Encontro dosAcampamentos Indígenas",14/11/201,300,,"Contra a injustiça e aviolência/ Demarcaçãode área indígena",Índios,
Dourados,Terra,Bloqueio da BR-463,21/3/201,30,,"Infraestrutura/ ReformaAgrária","CUT/ Fetagri/MST",
Dourados,Terra,Ocupação do Incra,22/8/201,350,,Reforma Agrária,CUT/ MST,
Dourados,"QuestãoIndígena","Marcha Indígena por Terra eJustiça",24/8/201,500,,"Direitos humanos/Demarcação de áreaindígena/ QuestãoIndígena",Índios,
Itaquiraí,Terra,"Saque de Alimentos/Acamp.de Brasiguaios",18/4/201,,,Cesta básica,MST,
Itaquiraí,Terra,"Saque de Alimentos/Acamp.de Brasiguaios",21/8/201,1200,,Cesta básica,MST,
Itaquiraí,Terra,Bloqueio da BR-163,24/8/201,,,"Assentamento defamílias",MST,
Japorã,"QuestãoIndígena","Manifesto do Conselho AtyGuassu/T. I. Ivy Katu",27/11/201,,,"Contra a injustiça e aviolência/ Demarcaçãode área indígena",Índios,
Jaraguari,"QuestãoIndígena",Bloq. de BR 163/Faz. 3R,18/5/201,300,,"Demarcação de áreaindígena",Índios,
Naviraí,Terra,Bloqueio da MS-487,21/3/201,,,"Infraestrutura/ ReformaAgrária","CUT/ Fetagri/MST",
Naviraí,Terra,Bloqueio da BR-163/Km-104,30/3/201,800,,"Reforma Agrária/Assentamento defamílias",MST,
"NovaAlvorada doSul",Terra,Bloqueio da BR-267,21/3/201,60,,"Infraestrutura/ ReformaAgrária","CUT/ Fetagri/MST",
"NovaAndradina",Terra,Bloqueio da MS-276,21/3/201,,,"Infraestrutura/ ReformaAgrária","CUT/ Fetagri/MST",
Ponta Porã,Terra,Bloqueio da BR-463,2/3/201,250,,Cesta básica,MST,
Subtotal:,,,23,5504,,,,
Minas Gerais,,,,,,,,
Abre Campo,Água,"Acamp. SílvioZiquita/Atingidos UHEEmboque e Granada",20/9/201,,,"Cumprimento deacordos/Reassentamento",MAB,
Abre Campo,Água,"Caminhada Atingidos UHEEmboque e Granada/Acamp.Sílvio Ziquita",21/9/201,,,"Cumprimento deacordos/Reassentamento",MAB,
Abre Campo,Água,"Protesto/Acamp. SílvioZiquita/Atingidos UHEEmboque e Granada",22/9/201,200,,"Cumprimento deacordos/Reassentamento",MAB,
Aimorés,Água,"Marcha pelos Direitos dosAtingidos por Barragens",25/4/201,,,Contra barragens,Via Campesina,
,Terra,"15a Romaria das Águas e daT e r r a",28/8/201,20000,,"Direitos humanos/Reforma Agrária/ Defesada água e do meioambiente",CPT/ Diocese,
Municípios,Característica,Nome da Manifestação,Data,Pessoas,,Tipo de Reivindicação,Organização,Tipo Vio.
"BeloHorizonte",Trabalhista,"Ato de Combate ao TrabalhoEscravo/Chacina de Unaí",28/1/201,200,,"Contra a injustiça e aviolência/ Contraimpunidade",Sinait,
"BeloHorizonte","Questõesambientais","2o Encontro Internac. dosAtingidos pela Vale",25/4/201,50,,Contra mineradoras,SI,
"BeloHorizonte",Terra,"Acamp. na Pça. daAssembleia Legislativa",25/4/201,700,,"Infraestrutura/ Incentivosà pequena produção/Reforma Agrária",Via Campesina,
"BeloHorizonte",Terra,"Ato diante do TJ e Ocup. doIncra/Acamp. diante daAssemb. Legislativa",26/4/201,,,"Contra a injustiça e aviolência/ ReformaAgrária",Via Campesina,
"BeloHorizonte",Terra,"Protesto contraAgrotóxicos/Acamp.Assembleia Legislativa",28/4/201,,,Contra agrotóxicos,Via Campesina,
"BeloHorizonte",Trabalhista,"Ocup. da DRTE/Acamp.Assembleia Legislativa",29/4/201,,,"Saúde/ Questõestrabalhistas/ Contraagrotóxicos",Via Campesina,
"BeloHorizonte",Terra,Ocupação do Incra,22/8/201,350,,"Infraestrutura/Reassentamento/Assentamento defamílias",Via Campesina,
"BeloHorizonte",Terra,Caminhada/Ocup. do Incra,23/8/201,,,"Infraestrutura/Reassentamento/Assentamento defamílias",Via Campesina,
"BeloHorizonte",Terra,"Ocupação da AssembleiaLegislativa",30/8/201,60,,Indenização,SI,
"BeloHorizonte",Terra,"IV Encontro dos SemTerrinha",15/10/201,600,,"Educação/ ReformaAgrária",MST,
"BeloHorizonte",Terra,Ocupação do Incra,30/11/201,150,,"Desapropriação/Assistência técnica",MST,
"BeloHorizonte",Terra,"Ato Público/Atingidos peloMineroduto da Ferrous",2/12/201,150,,"Defesa da água e domeio ambiente/ Contramineradoras",MAB/ STR,
Brumadinho,Água,"Protesto contra a Vale/Com.Casa Branca",16/5/201,,,"Defesa da água e domeio ambiente/ Contramineradoras",SS,
"CônegoMarinho",Água,"Bloq. de Rodovia/PovoXakriabá",10/2/201,,,Questão Indígena,Índios,
Congonhas,Água,"Protesto/Marcha dosAtingidos por Barragens",27/4/201,,,Contra barragens,Via Campesina,
"GovernadorValadares",Água,"Ato contra Atual ModeloEnergético/Marcha dosAtingidos por Barragens",26/4/201,,,Contra barragens,Via Campesina,
"GovernadorValadares",Política Agrícola,"Acamp. no Centro daCidade/Jornada Nac. de LutaCamponesa",17/5/201,,,"Renegociação de dívidas/Incentivos à pequenaprodução/ Contraagrotóxicos",MPA,
Itamarandiba,Terra,"Ato Público/Posseiros doParque Estadual Serra Negra",8/6/201,,,Indenização,ATR,
Ladainha,"QuestãoIndígena","Protesto do PovoMaxakali/Aldeia Verde",1/3/201,,,Saúde,Índios,
Mariana,Água,"Protesto/Marcha dosAtingidos por Barragens",26/4/201,,,"Contra barragens/ Contramineradoras",Via Campesina,
Montes Claros,"Questõesambientais","Protesto contra os GrandesProjetos de Mineração",15/7/201,,,Contra mineradoras,ASA*,
Montes Claros,Terra,Protesto diante da Prefeitura,5/9/201,,,"Desapropriação/Infraestrutura/ Contramineradoras",Via Campesina,
Montes Claros,Terra,"Ocup. da Codevasf/Protestodiante da Prefeitura",6/9/201,600,,"Desapropriação/Infraestrutura/ Contramineradoras",Via Campesina,
"NovaPorteirinha",Água,"Ato Público/Atingidos pelasUHE's de Berizal, Gorutuba eOutras",7/6/201,150,,"Cumprimento deacordos/Reassentamento",MAB,
Municípios,Característica,Nome da Manifestação,Data,Pessoas,,Tipo de Reivindicação,Organização,Tipo Vio.
Ouro Preto,Água,"Protesto diante daNovelis/Marcha dos Atingidospor Barragens",26/4/201,,,Contra barragens,Via Campesina,
Patrocínio,Terra,"Ocup. da Câmara deVereadores/Com. Sto.Antônio da Lagoa Seca",30/8/201,,,Contra Expropriação,STR,
Ponte Nova,Água,"Marcha pelos Direitos dosAtingidos por Barragens",25/4/201,450,,Contra barragens,Via Campesina,
Prata,Terra,Bloqueio da BR-153,18/7/201,500,,"Desapropriação/Educação/ Saúde",MLST/ MST,
"PresidenteBernardes",Terra,"Panfletagem/ContraMineroduto da Ferrous",16/9/201,,,"Defesa da água e domeio ambiente/ Contramineradoras",MAB,
Salinas,Terra,"Marcha e AtoPúblico/Seminário Mineração",27/8/201,,,"Defesa da água e domeio ambiente/ Contramineradoras",MAB,
Santa Bárbara,Terra,"Festa do TrabalhadorRural/Com. de Mutuca",17/7/201,2000,,"Incentivos à pequenaprodução",SI,
Sete Lagoas,Água,"Protesto/Marcha dosAtingidos por Barragens",27/4/201,,,Contra barragens,Via Campesina,
Taiobeiras,Água,"Marcha pelos Direitos dosAtingidos por Barragens",25/4/201,,,Contra barragens,Via Campesina,
Taiobeiras,Terra,"Ato Público/DenúnciasImpactos da Mineração noNorte de Minas",2/12/201,500,,"Defesa da água e domeio ambiente/ Contramineradoras",Fetaemg/ MAB,
Teófilo Otoni,Terra,"Caminhada/Jornada de Lutadas Mulheres",3/3/201,300,,"Cumprimento deacordos/ Contra ainjustiça e a violência",Via Campesina,
"TrêsCorações",Trabalhista,"Protesto diante da EmpresaHeringer",18/3/201,,,Contra agrotóxicos,Via Campesina,
Uberaba,Terra,"Protesto contra Reintegraçãode Posse/Faz. Inhumas",1/3/201,60,,"Assentamento defamílias",MST,
Uberlândia,Política Agrícola,"Bloq. da BR-050/Jornada deLuta das Mulheres",3/3/201,400,,"Incentivos à pequenaprodução/ Contraagrotóxicos",Via Campesina,
Subtotal:,,,44,27420,,,,
Pará,,,,,,,,
Altamira,Água,"Ato Público contra LicençaParcial/UHE Belo Monte",27/1/201,44,,"Questões ambientais/Contra barragens/ Defesada água e do meioambiente","Cimi/ CPT/MXV*/ ViaCampesina",
Altamira,"Questõesambientais","Ocup. da Funai/UHE BeloMonte",27/4/201,,,Indenização,,
Altamira,Água,"Protesto contra UHE BeloMonte",29/4/201,1000,,"Questões ambientais/Contra barragens","Cimi/ CPT/MAB/ MTD",
Altamira,Água,"Ocupação do Canteiro deObras da UHE Belo Monte",27/10/201,600,,"Questões ambientais/Contra barragens","Índios/Pescadores",
Altamira,Água,"Campanha/Mov.HumanosDireitos/Contra UHE BeloMonte",16/11/201,16,,"Contra barragens/ Defesada água e do meioambiente",MHD*,
Altamira,Água,"Protesto contra UHE de BeloMonte/1 Milhão deAssinaturas",25/11/201,,,"Contra barragens/ Defesada água e do meioambiente",MGD*,
Altamira,Terra,"Bloq. daTransamazônica/Acamp.Xingu 2011",30/8/201,3000,,"Infraestrutura/ ReformaAgrária/ Políticasp ú b  l ic a s","Fetagri/PA/FVPP",
Altamira,Terra,"Protesto na frente do Ibama eFunai/Acamp. Xingu 2011",1/9/201,,,"Infraestrutura/ ReformaAgrária/ Políticasp ú b  l ic a s","Fetagri/PA/FVPP",
Anapu,"Questõesambientais","Bloq. nas Vicinais 1,2,3/PDSEsperança",9/1/201,65,,"Regularização fundiária/Contra Desmatamento",CPT,Intimidação
Anapu,"Questõesambientais",Ato Público/PDS Esperança,25/1/201,1000,,"Regularização fundiária/Contra Desmatamento/Contra a injustiça e aviolência",CPT,
Municípios,Característica,Nome da Manifestação,Data,Pessoas,,Tipo de Reivindicação,Organização,Tipo Vio.
Belém,"Questõesambientais","Ato contra as UHE's naAmazônia",12/4/201,300,,"Questões trabalhistas/Contra barragens",Cimi/ MXV*,
Belém,Água,Ato contra UHE Belo Monte,30/6/201,300,,"Contra barragens/ Defesada água e do meioambiente",CPT/ MXV*,
Belém,Água,"Grito em defesa daAmazônia/Contra UHE deBelo Monte",7/9/201,60,,"Contra barragens/ Defesada água e do meioambiente",MXV*,
Belém,Terra,"Ocup. do Incra/Acamp. Pça.dos Mártires/MassacreEldorado",18/4/201,500,,"Questões ambientais/Contra impunidade/Reforma Agrária/ Contraagrotóxicos",Moriba/ MST,
Belém,Trabalhista,"Ato Público/Semana deCombate ao Trab. Escravo",30/1/201,,,"Contra a injustiça e aviolência/ Contraimpunidade",Sinait,
Belém,Terra,Protesto por Reforma Agrária,5/5/201,100,,"Infraestrutura/ Educação/Saúde/ Contra a injustiçae a violência/ Políticasp ú b  l ic a s",MTL,
Belém,Terra,"II Jornada da Juventude SemTerra",19/8/201,,,"Educação/ ReformaAgrária",MST,
Belém,Terra,"Ocup. do Iterpa/Programa deAssentamento",17/11/201,400,,"Regularização fundiária/Infraestrutura/ Políticasp ú b  l ic a s",Fetagri/PA,
Belém,Terra,"Protesto na frente doIncra/Programa deAssentamento",18/11/201,,,"Regularização fundiária/Infraestrutura/ Políticasp ú b  l ic a s",Fetagri/PA,
Benevides,Terra,Bloqueio da BR-316,18/2/201,,,"Infraestrutura/ Incentivosà pequena produção/Políticas públicas",MST,
"Canaã dosCarajás",Terra,"Bloq. PA-160/Acamp. DinaTeixeira",19/9/201,200,,Cesta básica,MST,
"Conceição doAraguaia",Terra,"Bloq. da Estrada de Acesso àFaz. Cruzeiro Novo",4/11/201,40,,"Contra a injustiça e aviolência",ATR,
"Conceição doAraguaia",Terra,"Bloq. BR-155/Acamp. LuísLopes",25/10/201,200,,"Cumprimento deacordos/ Reforma Agrária",LCP,
Curionópolis,Terra,"Semana de LutaCamponesa/6o Acamp.Pedagógico/Massacre deE  ld o r a d o",10/4/201,,,"Contra a injustiça e aviolência/ Contraimpunidade/ ReformaAgrária",MST,
Curionópolis,Terra,"Protesto na frente daPref./Acamp. Frei Henri",10/8/201,50,,Infraestrutura/ Educação,MST,
Curionópolis,Terra,"Bloq. PA-275/Acamp. FreiHenri",23/8/201,100,,"Infraestrutura/ Cestabásica/ Educação",MST,
Curionópolis,Terra,"Bloq. PA-275/ContraDespejos",25/8/201,50,,"Contra a injustiça e aviolência/ ReformaAgrária",MST,
Curionópolis,Terra,"Bloq. PA-275/Acamp. FreiHenri",19/9/201,200,,"Infraestrutura/ Cestabásica/ Educação",MST,
"Eldorado dosCarajás",Terra,"Marcha/Memória de Eldoradodos Carajás",17/4/201,600,,"Contra a injustiça e aviolência",MST,
"Eldorado dosCarajás",Terra,"Bloq. BR-155/Acamp.Dalcídio Jurandir",19/9/201,200,,Cesta básica,MST,
"Eldorado dosCarajás",Terra,"Bloq. BR-155/Contra Despejona Faz. Nova Era",24/8/201,50,,"Contra a injustiça e aviolência/ ReformaAgrária",MST,
Itaituba,Terra,"Bloq. daTransamazônica/Com.Miritituba e outras",29/3/201,,,"Contra Desmatamento/Políticas públicas",STR,
Juruti,"Questõesambientais","Protesto contraViolência/Mov. Juruti emAção",15/2/201,1500,,"Contra Desmatamento/Contra a injustiça e aviolência/ Defesa daágua e do meioambiente/ Políticas",SI,
Marabá,Terra,"Bloq. BR-155/P. A. 26 deMarço",5/5/201,150,,"Infraestrutura/Cumprimento de acordos",SI,
Municípios,Característica,Nome da Manifestação,Data,Pessoas,,Tipo de Reivindicação,Organização,Tipo Vio.
Marabá,Terra,"Bloq. BR-155/Acamp.Helenira Resende",19/9/201,200,,Cesta básica,MST,
Marabá,Terra,Bloq. BR-155/Vila Sororó,3/5/201,150,,"Infraestrutura/ Incentivosà pequena produção",MST,
Marabá,Terra,"Acamp. na frente doIncra/Protesto por R. A. 09/05até 24/06",9/5/201,,,"Infraestrutura/ Incentivosà pequena produção/Reforma Agrária/Políticas públicas","Fetagri/PA/Fetraf/ MST",
Marabá,Terra,"Bloq. daTransamazônica/Protesto porR. A. 09/05 até 24/06",9/6/201,,,"Crédito/ Cumprimento deacordos/ Incentivos àpequena produção/Indenização/ ReformaAgrária/ Políti","Fetagri/PA/Fetraf/ MST",
Marabá,Terra,"Bloq. daTransamazônica/Protesto porR. A. 09/05 até 24/06",15/6/201,5000,,"Crédito/ Infraestrutura/Cumprimento deacordos/ Incentivos àpequena produção/Contra a injustiça e","Fetagri/PA/Fetraf/ MST",
Marabá,Terra,"Ato pedindo apoio daPopulação/Protesto por R. A.09/05 até 24/06",20/6/201,,,"Contra a injustiça e aviolência/ Direitoshumanos/ ReformaAgrária","Fetagri/PA/Fetraf/ MST",
Mosqueiro,Terra,"Ocup. da AgênciaDistrital/Assent. da Ilha deMosqueiro",4/5/201,100,,"Infraestrutura/ Incentivosà pequena produção",MST,
"NovoProgresso","QuestãoIndígena",Bloq. da BR-163/T.I. Kayapó,19/9/201,,,"Infraestrutura/ Educação/Saúde/ Políticas públicas",Índios,
Ourilândia,Terra,"Bloq. da Estrada/Proj. OnçaPuma/Vale",5/10/201,200,,"Cumprimento deacordos/Reassentamento/Indenização",ATR/ CPT,
Parauapebas,Terra,"Jornada das MulheresCamponesas",6/2/201,200,,"Contra a injustiça e aviolência/ ReformaAgrária/ Soberaniaalimentar",MST,
Rio Maria,Terra,"Bloq. da VicinalBabaçu/MineradorasReinarda e Floresta Araguaia",22/9/201,70,,Infraestrutura/ Saúde,ATR,
Sapucaia,"DireitosHumanos","Bloq. BR-155/ContraDespejos",23/8/201,300,,"Contra a injustiça e aviolência",MST,
Sapucaia,Terra,"Protesto contraExpulsão/Área em NovaIpixuna",24/8/201,50,,"Contra a injustiça e aviolência/ ReformaAgrária",MST,
Tucuruí,Água,"Marcha por PolíticasPúblicas/UHE de Tucuruí",23/8/201,700,,"Infraestrutura/Cumprimento deacordos/ Incentivos àpequena produção",Via Campesina,
Tucuruí,"Questõesambientais","Oucp. Incra/P.A. Cururuí eBandeiras",20/1/201,100,,"Contra Desmatamento/Políticas públicas",SI,
Ulianópolis,Terra,Bloq. BR-010/Faz. Palestina,28/4/201,80,,Reforma Agrária,MTL,
Xinguara,Terra,"Bloq. BR-155/Acamp. JoãoCanuto",19/9/201,200,,Cesta básica,MST,
Subtotal:,,,53,19125,,,,
Paraíba,,,,,,,,
Alhandra,Terra,"Protesto contra Inst. daFábrica de Cimento Elizabeth",25/8/201,400,,Contra mineradoras,CPT,
Alhandra,"Questõesambientais",XXII Romaria da Terra,22/10/201,2000,,Contra mineradoras,CPT,
Aparecida,Terra,"Bloq. BR-230/Acamp.Pivas/Nova Vida I e II",13/6/201,600,,"Cumprimento deacordos/ Reforma Agrária",STR,
"CampinaGrande",Terra,Jornada Nacional de Lutas,19/8/201,200,,"Educação/ ReformaAgrária",MAB/ MST,
"CampinaGrande",Terra,Bloqueio da PB-138,18/10/201,,,Infraestrutura/ Água,MST,
Itabaiana,Água,"Protesto em defesa do RioParaíba",30/11/201,,,"Defesa da água e domeio ambiente","ATR/ CPT/Paróquias",
João Pessoa,Terra,"Ato Público contra Inst. daFábrica de Cimento Elizabeth",27/9/201,200,,Contra mineradoras,CPT,
Municípios,Característica,Nome da Manifestação,Data,Pessoas,,Tipo de Reivindicação,Organização,Tipo Vio.
João Pessoa,Trabalhista,"Ato Público em frente aoSRTE/Dia Nac. Comb. aoTrab. Escravo",28/1/201,,,"Contra a injustiça e aviolência/ Contraimpunidade",Sinait,
João Pessoa,Terra,"Ocup. no Incra/Jornada Nac.por R. A",12/4/201,600,,"Crédito/ Infraestrutura/Reforma Agrária",MST,
João Pessoa,Terra,Dia do Agricultor,25/7/201,500,,"Regularização fundiária/Incentivos à pequenaprodução/ ReformaAgrária",CPT,
João Pessoa,"Questõesambientais","Jornada Nac. por R. A/ContraAgrotóxicos",23/8/201,300,,"Renegociação de dívidas/Contra agrotóxicos",Via Campesina,
João Pessoa,Terra,"Protesto em defesa dosPovos Tradicionais/Grito dosExcluídos",6/9/201,,,"Defesa da água e domeio ambiente/ Contraagrotóxicos",Jufra,
João Pessoa,Terra,"VIII Encontro dos SemTerrinha",22/10/201,600,,"Educação/ ReformaAgrária",MST,
João Pessoa,"DireitosHumanos",Tribunal Popular da Terra,25/10/201,100,,Direitos humanos,MAB,
Pitimbu,Terra,"Protesto pela Permanênciana Terra/Marinas do Abiai",29/6/201,350,,Regularização fundiária,CPT,
Queimadas,"Questõesambientais","Marcha das MulheresCamponesas",18/3/201,1500,,"Contra a injustiça e aviolência/ Soberaniaalimentar/ Contraagrotóxicos",ASA/ MST,
Sapé,Terra,"Ato em Memória de JoãoPedro Teixeira/Faz. Antas",4/4/201,500,,Reforma Agrária,CPT/ MST,
Subtotal:,,,18,8050,,,,
Paraná,,,,,,,,
Cascavel,"Questõesambientais","Jornada Nac. de Mobilizaçãodas Mulheres",12/3/201,200,,"Contra monocultura/Reforma Agrária/ Contraagrotóxicos",Via Campesina,
Congonhinha,Terra,"Ocup. do BB/Jornada Nac.de Luta por Reforma Agrária",23/8/201,,,"Renegociação de dívidas/Reforma Agrária",MST,
"Cruzeiro doSul",Terra,"Ocup. do BB/Jornada Nac.de Luta por Reforma Agrária",23/8/201,,,"Renegociação de dívidas/Reforma Agrária",MST,
Curitiba,"Questõesambientais","Ato na AssembleiaLegislativa/ContraTransgênicos",1/4/201,,,Contra Transgênicos,TD*,
Curitiba,Terra,"Ocupação da Funai/T. I.Kaingangue",14/2/201,40,,Políticas públicas,Índios,
Curitiba,Trabalhista,"Ato contra Impunidade/DiaNac. de Combate ao Trab.Escravo",28/1/201,,,"Contra a injustiça e aviolência/ Contraimpunidade",Sinait,
Curitiba,Terra,"Protesto contra Alterações noCód. Florestal",2/5/201,300,,Questões ambientais,OI,
Curitiba,Terra,Protesto por Reforma Agrária,1/6/201,2500,,"Crédito/ Assistênciatécnica/ Incentivos àpequena produção/Reforma Agrária/ Contraagrotóxicos",MST,
Curitiba,Terra,"Ocup. Incra/Jornada Nac. deLuta por R.A.",23/8/201,150,,Reforma Agrária,MST,
Curitiba,"QuestãoIndígena","Ocup. do Sesai/Art. dosPovos Indígenas do Sul",13/9/201,50,,Saúde/ Políticas públicas,Arpinsul,
Curitiba,"Questõesambientais","Ato Público/Contra osAgrotóxicos e pela Vida",24/10/201,,,"Saúde/ Políticas públicas/ Contra agrotóxicos","TD*/ ViaCampesina",
Curitiba,Terra,"9o Encontro dos SemTerrinha",29/10/201,2500,,"Educação/ Contraagrotóxicos",MST,
Guaíra,"QuestãoIndígena","Protesto na Escola da aldeiaTekohá Marangatu",25/1/201,135,,"Infraestrutura/ Educação/Demarcação de áreaindígena",Índios,
Jacarezinho,Terra,"Ocup. do BB/Jornada Nac.de Luta por Reforma Agrária",23/8/201,,,"Renegociação de dívidas/Reforma Agrária",MST,
Jundiaí do Sul,Terra,"Ocup. do BB/Jornada Nac.de Luta por Reforma Agrária",23/8/201,,,"Renegociação de dívidas/Reforma Agrária",MST,
"Laranjeiras doSul",Terra,"II Jornada Nacional daJuventude Sem Terra",5/8/201,500,,Educação,MST,
Municípios,Característica,Nome da Manifestação,Data,Pessoas,,Tipo de Reivindicação,Organização,Tipo Vio.
Londrina,Terra,"Ocup. do BB/Jornada porReforma Agrária",23/8/201,500,,"Renegociação de dívidas/Contra monocultura/Reforma Agrária/ Contraagrotóxicos",MST,
Maringá,"Questõesambientais","Jornada Nac. de Mobilizaçãodas Mulheres",4/3/201,160,,"Contra monocultura/Reforma Agrária/ Contraagrotóxicos",Via Campesina,
Maringá,Terra,"Protesto na Pça. daCatedral/Jornada de Luta porR.A.",23/8/201,300,,"Contra monocultura/Reforma Agrária/ Contraagrotóxicos",MST,
Ortigueira,Terra,"Ocup. do BB/Jornada Nac.de Luta por Reforma Agrária",23/8/201,,,"Renegociação de dívidas/Reforma Agrária",MST,
Pato Branco,Política Agrícola,"Protesto na frente do Bancodo Brasil",18/5/201,1000,,"Infraestrutura/ Incentivosà pequena produção",Fetrafsul,
Ponta Grossa,"Questõesambientais","Jornada Nac. de Mobilizaçãodas Mulheres/Ato na frenteda Cargill",11/3/201,300,,"Contra monocultura/Reforma Agrária/ Contraagrotóxicos",Via Campesina,
Renascença,Terra,Ocupação da Prefeitura,21/2/201,150,,"Infraestrutura/ ReformaAgrária",MST,
"Santa Terezado Oeste","Questõesambientais","Ato contra Plantação deTransgênicos próximo aoParque do Iguaçu",14/3/201,,,Contra Transgênicos,MPA,
"São João doTriunfo","Questõesambientais","Protesto contra os Impactosdos Agrotóxicos",24/2/201,52,,"Saúde/ Defesa da água edo meio ambiente/Contra agrotóxicos",ASPTA,
Subtotal:,,,26,12837,,,,
Pernambuco,,,,,,,,
"Afogados daIngazeira",Terra,"Protesto/Encontro dosAtingidos por GrandesProjetos",18/4/201,,,"Questões ambientais/Revitalização/ContraTransp. do Rio SãoFrancisco/ Contramineradoras/ Contra E",CPT,
Aliança,"Questõesambientais","Jornada por R.A/Contra oAgronegócio e osAgrotóxicos",14/4/201,200,,"Contra monocultura/Contra agrotóxicos",CPT,
"Belém de SãoFrancisco","Questõesambientais","Caravana contra Instalaçãode Usina Nuclear",28/10/201,150,,"Direitos humanos/Defesa da água e domeio ambiente","Greenpeace/Mespe",
Brejinho,Água,Ato em defesa do Rio Pajeú,18/12/201,200,,"Defesa da água e domeio ambiente/ Políticasp ú b  l ic a s","CPT/ MMTR/STR",
"Brejo daMadre deDeus",Terra,"Bloq. BR-104/Jornada porReforma Agrária",18/4/201,,,Reforma Agrária,MST,
"Cabo deSantoAgostinho","Questõesambientais","Ato Público contra UsinaTermoelétrica de Suape III",7/10/201,100,,Questões ambientais,Ecovida*,
Caruaru,Terra,"Ocupação da CaixaEconômica",25/3/201,50,,"Crédito/ Infraestrutura/Cumprimento de acordos",MST,
Catende,Trabalhista,"Protesto na frente da Us.Catende",9/2/201,400,,S a  lá r  io,STR,
Catende,Trabalhista,"Protesto por salário/Us.Catende",17/2/201,1000,,S a  lá r  io,STR,
Catende,Trabalhista,Bloq. BR-101/Us. Catende,23/2/201,,,S a  lá r  io,STR,
Catende,Trabalhista,"Protesto na frente da Us.Catende",18/4/201,250,,S a  lá r  io,STR,
Escada,Terra,"Bloq. BR-101/ContraTransnordestina",12/9/201,150,,"Contra a injustiça e aviolência/Reassentamento/Indenização",CPT,
Escada,Terra,"Protesto na frente daTransnordestina",27/9/201,150,,"Contra a injustiça e aviolência/Reassentamento/Indenização",CPT,
Floresta,"Questõesambientais","Caravana contra Instalaçãode Usina Nuclear",29/10/201,150,,"Direitos humanos/Defesa da água e domeio ambiente","Greenpeace/Mespe",
Municípios,Característica,Nome da Manifestação,Data,Pessoas,,Tipo de Reivindicação,Organização,Tipo Vio.
Ipojuca,"Questõesambientais","Ato pela Criação da ResexSirinhaém",27/7/201,150,,"Defesa da água e domeio ambiente",OI,
Itacuruba,"Questõesambientais","Caravana contra Instalaçãode Usina Nuclear",30/10/201,150,,"Direitos humanos/Defesa da água e domeio ambiente","Greenpeace/Mespe",
Itaquitinga,"Questõesambientais","Jornada por R.A/Contra oAgronegócio e osAgrotóxicos",15/4/201,200,,"Contra monocultura/Contra agrotóxicos",CPT,
Jatobá,"Questõesambientais","Caravana contra Instalaçãode Usina Nuclear",31/10/201,200,,"Direitos humanos/Defesa da água e domeio ambiente","Greenpeace/Mespe",
Limoeiro,Terra,"Ocupação da CaixaEconômica Federal",25/3/201,100,,"Crédito/ Infraestrutura/Cumprimento de acordos",MST,
Moreno,Terra,"Ocup. do Incra/Eng. Várzeado Una",20/12/201,50,,Reforma Agrária,OI,
Ouricuri,"Questõesambientais","Caminhada/Jornada Nacionalde Lutas",18/5/201,,,Contra agrotóxicos,MPA,
Palmares,Água,"Ato Público/Barragem deSerro Azul",4/11/201,,,Reassentamento,CPT,
Palmares,"Questõesambientais","Caminhada contra oAgronegócio/Dia da Mulher",30/3/201,,,"Contra monocultura/Contra agrotóxicos",OI,
Paudalho,"Questõesambientais","Jornada por R.A/Contra oAgronegócio e osAgrotóxicos",13/4/201,,,"Contra monocultura/Contra agrotóxicos",CPT,
Petrolina,Água,"Ato Público/6o Seminário daÁgua",5/6/201,200,,"Defesa da água e domeio ambiente",CPT/ Diocese,
Petrolina,Terra,"Jornada de Luta por R.A./Mudanças no ModeloAgrícola",23/8/201,500,,"Incentivos à pequenaprodução/ ReformaAgrária",Via Campesina,
Petrolina,Terra,"Ocup. do Incra/Protesto porReforma Agrária",1/12/201,400,,"Crédito/ Cumprimento deacordos/ Reforma Agrária",MST,
Petrolina,"DireitosHumanos","Ato Público pelaContinuidade da ASA",20/12/201,15000,,Políticas públicas,ASA,
Recife,"Questõesambientais","Protesto por Criação deResex",30/5/201,70,,"Defesa da água e domeio ambiente",CPP,
Recife,Terra,"Ocup. do Incra/VáriosAssentamentos",21/3/201,300,,"Crédito/ Infraestrutura/Assistência técnica",CPT,
Recife,Terra,"Protesto porIndenização/ComplexoSuape",27/2/201,200,,"Cumprimento deacordos/ Indenização/Assentamento defamílias",Fetape,
Recife,Terra,"Acamp. na frente doComplexo Suape",30/5/201,100,,"Cumprimento deacordos/ Indenização",Fetape,
Recife,"DireitosHumanos","Ato Público contra osAgrotóxicos e pela Vida",11/7/201,60,,"Saúde/ Contraagrotóxicos",Via Campesina,
Recife,Trabalhista,"Ato contra Impunidade/DiaNac. de Combate ao Trab.Escravo",28/1/201,,,Contra impunidade,Sinait,
Recife,Terra,"Ocup.Incra/Jornada de Lutacontra o Agronegócio e aViolência",28/2/201,500,,"Contra monocultura/Contra a injustiça e aviolência/ Soberaniaalimentar/ Contraagrotóxicos",Via Campesina,
Recife,Terra,"Acamp. no Incra/Jornada porReforma Agrária",16/4/201,1000,,Reforma Agrária,MST,
Recife,Terra,3o Grito da Terra,5/7/201,4000,,"Questões ambientais/Direitos humanos/Reforma Agrária/Políticas públicas",Fetape,
Recife,"Questõesambientais","Ato Público contra osImpactos dos Agrotóxicos",11/7/201,,,Contra agrotóxicos,Via Campesina,
Recife,Terra,"Jornada de Luta por R.A./Mudanças no ModeloAgrícola",23/8/201,,,"Incentivos à pequenaprodução/ ReformaAgrária",Via Campesina,
Recife,Terra,"Jornada de Luta por R.A./Mudanças no ModeloAgrícola",26/8/201,1000,,"Incentivos à pequenaprodução/ ReformaAgrária",Via Campesina,
Municípios,Característica,Nome da Manifestação,Data,Pessoas,,Tipo de Reivindicação,Organização,Tipo Vio.
"São José doEgito",Terra,Grito das Águas do Sertão,23/3/201,,,"Crédito/Reassentamento/Indenização/ ReformaAgrária",CPT,
"São Lourençoda Mata","Questõesambientais","Jornada por R.A/Contra oAgronegócio e os Agrotóxicos",11/4/201,,,"Contra monocultura/Contra agrotóxicos",CPT,
Serra Talhada,Terra,"Ocupação da CaixaEconômica Federal",25/3/201,75,,"Crédito/ Infraestrutura/Cumprimento de acordos",MST,
Sertânia,Política Agrícola,Protesto por Garantia Safra,11/11/201,300,,Seguro safra,STR,
Timbaúba,Terra,"Ocupação da CaixaEconômica Federal",25/3/201,75,,"Crédito/ Infraestrutura/Cumprimento de acordos",MST,
Subtotal:,,,47,28430,,,,
Piauí,,,,,,,,
Campo Maior,Terra,Romaria da Terra e da Água,30/7/201,20000,,"Direitos humanos/Reforma Agrária/ Defesada água e do meioambiente",CPT,
"ElesbãoVeloso",Política Agrícola,"Marcha Elesbão Veloso aTeresina/Jorn. de LutaCamponesa",16/5/201,400,,"Educação/ Renegociaçãode dívidas/ Incentivos àpequena produção",MPA,
Esperantina,"DireitosHumanos","Caminhada/Dia Internacionalda Mulher",8/3/201,300,,"Contra a injustiça e aviolência/ Políticasp ú b  l ic a s",CPT/ STR,
Miguel Alves,"DireitosHumanos","Ato Público/Dia Internacionalda Mulher",7/3/201,500,,"Contra a injustiça e aviolência/ Políticasp ú b  l ic a s",CPT,
"QueimadaNova",Política Agrícola,Ocupação da Prefeitura,16/12/201,200,,"Incentivos à pequenaprodução",MPA,
Teresina,Trabalhista,"Dia Nacional de Combate aoTrabalho Escravo",28/1/201,400,,"Questões trabalhistas/Políticas públicas",CPT,
Teresina,Terra,Ocupação do Incra,18/4/201,,,Reforma Agrária,MST,
Teresina,"DireitosHumanos","Marcha Estadual dasMargaridas",22/6/201,5000,,"Contra a injustiça e aviolência/ Políticasp ú b  l ic a s",Fetag/PI,
Teresina,"Questõesambientais","Ocup. da Semar/Em defesada Terra, das Águas e dosPovos",21/11/201,200,,"Defesa da água e domeio ambiente","MAB/ MPA/MST",
Teresina,"Questõesambientais","Bloq. da BR-316/Em defesada Terra, das Águas e dosPovos",21/11/201,500,,"Defesa da água e domeio ambiente","MAB/ MPA/MST",
Teresina,Terra,"Dia Estadual de Luta pelaReforma Agrária",30/11/201,110,,Reforma Agrária,CPT,
Subtotal:,,,11,27610,,,,
Rio de Janeiro,,,,,,,,
"Campos dosGoytacazes",Terra,Bloqueio da BR - 101,25/11/201,200,,Reforma Agrária,MST,
"Campos dosGoytacazes",Terra,"Jornada Nacional daJuventude Sem Terra",11/8/201,,,Educação,MST,
"Campos dosGoytacazes","DireitosHumanos",Jornada dos Sem Terrinha,10/10/201,80,,Educação,MST,
Macaé,Terra,"Protesto em frente àSecretaria Municipal deEducação",14/2/201,50,,Educação,MST,
Nova Iguaçu,Terra,"Festa Estadual dasS e m e n t e s",29/11/201,350,,"Contra Transgênicos/Contra monocultura/Contra agrotóxicos",ASPTA,
Rio de Janeiro,Água,"Manifestação contra aThyssenKrupp CSA",4/3/201,150,,"Saúde/ Defesa da água edo meio ambiente",,
Rio de Janeiro,"Questõesambientais","Ato Público/Baía deSepetiba/Vale/Thyssen KruppCSA",24/5/201,,,Contra mineradoras,OI,
Rio de Janeiro,"Questõesambientais","Acampamento em frente àSEA e ao INEA",25/8/201,,,"Defesa da água e domeio ambiente/ Contramineradoras",OI,
Rio de Janeiro,"Questõesambientais","Ato Público/Thyssen KruppCSA",20/9/201,,,Contra mineradoras,OI,
Rio de Janeiro,Política Agrícola,"Jornada de Luta dasMulheres/Ocup. do BNDES",3/3/201,300,,"Contra monocultura/Contra agrotóxicos",Via Campesina,
Municípios,Característica,Nome da Manifestação,Data,Pessoas,,Tipo de Reivindicação,Organização,Tipo Vio.
Rio de Janeiro,Terra,"Ato Cinelândia/EBX/Acamp.em frente ao Incra",24/8/201,1000,,"Reforma Agrária/ ContraExpropriação",MST,
Rio de Janeiro,"QuestãoQuilombola","Manifestação contraReintegração de Posse",8/7/201,32,,"Contra a injustiça e aviolência",Quilombolas,
"São João daBarra",Terra,"Bloqueio dos Acessos àsObras do Porto de Açu",25/4/201,,,"Contra a injustiça e aviolência",A s p r  im,
"São João daBarra",Terra,"Bloq. da Estrada SacoDantas/Porto de Açu",6/12/201,,,Contra mineradoras,A s p r  im,
Subtotal:,,,15,2562,,,,
Rio Grande do Norte,,,,,,,,
Apodi,"Questõesambientais","Mob. Estad. contra o Proj.Irrig. da Chapada de Apodi",25/7/201,2000,,"Contra monocultura/Soberania alimentar/Contra agrotóxicos","ASA*/ CPT/MST/ STR",
Caraúbas,Terra,II Marcha do Campo,4/11/201,300,,"Educação/ Políticasp ú b  l ic a s",STR,
Ceará-Mirim,Terra,"Protesto na frente daPrefeitura",18/5/201,120,,"Infraestrutura/ Educação/Saúde",MST,
Macau,"Questõesambientais","III Encontro Nac. da RedeManguemar/RDS Ponta doTubarão",28/10/201,,,"Contra a injustiça e aviolência/ Defesa daágua e do meio ambiente",CPP,"Omissão/Conivência"
Mossoró,"DireitosHumanos",Marcha das Margaridas,19/3/201,700,,Políticas públicas,"CUT/ Fetarn/MMM*",
Natal,"Questõesambientais","Ato Público/Contra Proj. Irrig.Chapada do Apodi",17/6/201,150,,"Contra monocultura/Contra agrotóxicos","ASA*/ CPT/MST/ STR",
Natal,Terra,"VII Jornada de Lutas daAgric. Familiar Potiguar",19/5/201,2000,,"Infraestrutura/ Educação/Saúde/ Incentivos àpequena produção/Políticas públicas /Contra agrotóxi",Fetraf,
Natal,Terra,Grito da Terra,6/7/201,3000,,"Cumprimento deacordos/ Políticasp ú b  l ic a s",Fetarn,
Natal,Terra,"Acamp. na Sede doGoverno/Jornada Nac. deLutas",24/8/201,600,,"Infraestrutura/ Educação/Reforma Agrária",MST,
Natal,Terra,"Ocup. do Incra/Jornada Nac.de Lutas",30/8/201,450,,"Crédito/ Infraestrutura/Educação/ ReformaAgrária",MST,
Natal,Terra,Protesto na frente do Incra,21/9/201,200,,"Cesta básica/ ReformaAgrária",OI,
"São Gonçalodo Amarante",Terra,Ocup. da Pref./Com. Serrinha,20/10/201,150,,"Contra a injustiça e aviolência",MST,
Subtotal:,,,12,9670,,,,
Rio Grande do Sul,,,,,,,,
Alegrete,Terra,"Bloq. do trevo/Jornada deLuta por R.A.",23/8/201,250,,"Crédito/ Renegociaçãode dívidas/ ReformaAgrária",MST,
Alegrete,Terra,"Bloq. na ERS-377/Jornada deLuta por R.A.",23/8/201,200,,"Crédito/ Renegociaçãode dívidas/ ReformaAgrária",MST,
Bagé,Terra,"Manif. na frente doBB/Jornada de Luta por R.A.",23/8/201,,,"Crédito/ Renegociaçãode dívidas/ ReformaAgrária",MST,
"Boa Vista dasMissões",Política Agrícola,"Bloq. BR-386/Protesto nafrente do BB",27/4/201,1000,,"Renegociação de dívidas/Pagamento por serviçosambientais",Via Campesina,
"CaciqueDoble","QuestãoIndígena","Bloq. ERS-343/T.I.Votouro/Kaingang",8/8/201,,,Saúde/ Direitos humanos,Índios,
Candiota,"Questõesambientais",34a Romaria da Terra,8/3/201,8000,,"Defesa da água e domeio ambiente",CPT/ Diocese,
Canguçu,Política Agrícola,"Manif. na frente doBB/Jornada de Luta",29/6/201,1600,,Renegociação de dívidas,Via Campesina,
Canoas,Política Agrícola,"Bloq. BR-116/Jornada deLuta Camponesa",16/5/201,600,,Renegociação de dívidas,Via Campesina,
Constantina,Política Agrícola,"Manif. na frente doBB/Jornada de Luta",29/6/201,850,,Renegociação de dívidas,Via Campesina,
Municípios,Característica,Nome da Manifestação,Data,Pessoas,,Tipo de Reivindicação,Organização,Tipo Vio.
"Coqueiros doSul",Terra,"Ocup. da Faz.Guerra/Jornada de Luta porR.A.",12/4/201,,,"Cumprimento deacordos/ Reforma Agrária",MAB/ MST,
Erebango,"QuestãoIndígena","Bloq. ERS-135/T. I. VentarraAlta/Kaingang",8/8/201,,,Saúde/ Direitos humanos,Índios,
Erechim,"QuestãoIndígena","Bloq. RST-480/T. I.Ligeiro/Kaingang",8/8/201,300,,Saúde/ Direitos humanos,Índios,
Erechim,Política Agrícola,"Bloq. BR-153/Manif. na frentedo BB e CEF/Jornada deLuta Camponesa",18/5/201,,,Renegociação de dívidas,Via Campesina,
Erechim,Política Agrícola,"Manif. na frente doBB/Jornada de Luta",29/6/201,1500,,Renegociação de dívidas,Via Campesina,
Iraí,"QuestãoIndígena","Bloq. da BR-386/T. I.Kaingang",8/8/201,100,,Saúde/ Direitos humanos,Índios,
Iraí,Política Agrícola,"Manif. na frente doBB/Jornada de Luta",29/6/201,900,,Renegociação de dívidas,Via Campesina,
"Júlio deCastilhos",Terra,"Manif. na frente doBB/Jornada de Luta por R.A.",23/8/201,,,"Crédito/ Renegociaçãode dívidas/ ReformaAgrária",MST,
Manoel Viana,Terra,"Bloq. de Rodovia/Jornada deLuta por R.A.",23/8/201,300,,"Crédito/ Renegociaçãode dívidas/ ReformaAgrária",MST,
"MatoCastelhano","QuestãoIndígena",Bloq. BR-285/T. I. Kaingang,8/8/201,,,Saúde/ Direitos humanos,Índios,
Novo Barreiro,Terra,"Acamp. na RS-569/Jornadade Luta por R.A.",31/3/201,,,"Cumprimento deacordos/ Reforma Agrária",MST,
"Palmeira dasMissões",Terra,"Acamp. no Ginásio/Jornadade Luta por Reforma Agrária",24/3/201,,,"Cumprimento deacordos/ Reforma Agrária",MST,
Passo Fundo,"Questõesambientais","Jornada de Luta dasMulheres Camponesas",1/3/201,400,,"Contra a injustiça e aviolência/ Contraagrotóxicos",Via Campesina,
Pedro Osório,Terra,"Bloq. de Rodovia/Jornada deLuta por R.A.",23/8/201,,,"Crédito/ Renegociaçãode dívidas/ ReformaAgrária",MST,
Piratini,Terra,"Manif. na frente doBB/Jornada de Luta por R.A.",23/8/201,,,"Crédito/ Renegociaçãode dívidas/ ReformaAgrária",MST,
Porto Alegre,"QuestãoQuilombola","Ato em defesa doTerritório/Quilombo Silva",16/7/201,60,,"Titulação de áreaquilombola",Quilombolas,
Porto Alegre,"QuestãoQuilombola","Ato Público/Quilombo MorroAlto",23/9/201,350,,"Titulação de áreaquilombola",Quilombolas,
Porto Alegre,"QuestãoQuilombola","Ocup. do Incra/QuilomboMorro Alto",5/10/201,40,,"Titulação de áreaquilombola",Quilombolas,
Porto Alegre,"DireitosHumanos","Ato na frente do Palácio daJustiça/Jornada de Luta dasMulheres Camponesas",1/3/201,1000,,"Contra a injustiça e aviolência/ Contraagrotóxicos",Via Campesina,
Porto Alegre,Terra,"Ocup. do Incra/Jornada deLuta por R.A.",12/4/201,500,,"Cumprimento deacordos/ Saúde/Incentivos à pequenaprodução/ ReformaAgrária",MST,
Porto Alegre,Política Agrícola,"Ocup. da Rec.Federal/Jornada de LutaCamponesa",18/5/201,3000,,Renegociação de dívidas,Via Campesina,
Porto Alegre,Política Agrícola,"Ocup. da Del. Federal doMDA e da Gerência Reg. deAdm. do Min. daFazenda/Jornada de Luta",29/6/201,1000,,Renegociação de dívidas,Via Campesina,
Porto Alegre,"QuestãoIndígena","Ocup. da Sesai/Artic. dosPovos Indígenas do Sul",13/9/201,200,,Saúde/ Políticas públicas,Arpinsul,
Ronda Alta,"QuestãoIndígena","Bloq. ERS-324/T. I.Serrinha/Kaingang",5/8/201,,,Saúde/ Direitos humanos,Índios,
"Santa Cruz doSul",Política Agrícola,"Protesto/Denúncia daExploração das Indústrias deFumo",25/2/201,3000,,Preços,MPA,
Municípios,Característica,Nome da Manifestação,Data,Pessoas,,Tipo de Reivindicação,Organização,Tipo Vio.
"São Franciscode Assis",Terra,"Bloq. de Rodovia/Jornada deLuta por R.A.",23/8/201,,,"Crédito/ Renegociaçãode dívidas/ ReformaAgrária",MST,
São Gabriel,"QuestãoIndígena","VI Encontro do Povo GuaraniSepé Tiaraju",4/2/201,200,,"Educação/ Saúde/Demarcação de áreaindígena",Índios,
"São LuisGonzaga",Terra,"Manif. na frente doBB/Jornada de Luta por R.A.",23/8/201,,,"Crédito/ Renegociaçãode dívidas/ ReformaAgrária",MST,
Sarandi,Terra,"Acamp. no Ginásio PedroMarco/Jornada de Luta porR.A.",4/4/201,,,"Cumprimento deacordos/ Reforma Agrária",MST,
Seberi,Política Agrícola,"Bloq. da BR-386/Protesto nafrente do BB",27/4/201,200,,"Renegociação de dívidas/Pagamento por serviçosambientais",Via Campesina,
Triunfo,"Questõesambientais","Ocup. da Braskem/Jornadade Luta das MulheresCamponesas",1/3/201,800,,"Contra monocultura/Contra agrotóxicos",Via Campesina,
Vacaria,Política Agrícola,"Manif. na frente doBB/Jornada de Luta",29/6/201,1300,,Renegociação de dívidas,Via Campesina,
Viamão,"QuestãoIndígena","Ato em defesa doTerritório/Reserva IndígenaEstiva",3/10/201,79,,"Demarcação de áreaindígena",Índios,
Subtotal:,,,44,27759,,,,
Rondônia,,,,,,,,
"Alvorada doOeste",Terra,Bloqueio da BR-429,23/8/201,400,,"Crédito/ Assentamentode famílias",Via Campesina,
"Candeias doJamari",Água,"Bloq. da BR-364/UHE deSamuel",28/3/201,300,,Reassentamento,MAB,
Corumbiara,Terra,"Memória Massacre deCorumbiara/Faz. Sta. Elina",9/8/201,200,,"Contra a injustiça e aviolência",LCP,
Guajará-Mirim,Terra,"9a Romaria da Terra e dasÁguas",10/7/201,3000,,"Direitos humanos/Reforma Agrária/ Defesada água e do meioambiente","CPT/ Diocese/IECLB",
"Itapuã doOeste",Água,"Bloq. da BR-364/UHESamuel",22/8/201,600,,"Infraestrutura/Reassentamento",MAB,
Ji-Paraná,Terra,"Ocup. do Incra/MemóriaMassacre Eldorado Carajás",13/4/201,500,,"Infraestrutura/ Contra ainjustiça e a violência/Reforma Agrária",MST,
"Machadinhod ́Oeste","QuestãoIndígena","Repúdio contra a Construçãoda UHE Tabajara",15/9/201,,,"Contra barragens/ Defesada água e do meioambiente",Índios,
"Ouro Preto doOeste",Política Agrícola,III Festa Camponesa,19/8/201,600,,"Incentivos à pequenaprodução/ Contraagrotóxicos",Via Campesina,
Porto Velho,Água,"Ato contra Lei de Pesca doGuaporé/Com. de PedrasNegras e Outras",30/4/201,,,"Incentivos à pequenaprodução",Fepearo,
Porto Velho,Água,"Interdição do Porto deAcesso ao Assent. JoanaDarc",11/5/201,,,"Cumprimento deacordos/ Contrabarragens",MAB,
Porto Velho,Trabalhista,"Ato em Solidariedade aosTrabalhadores da UHE Sto.Antônio e Jirau",5/4/201,400,,"Saúde/ Questõestrabalhistas/ Contrabarragens",MAB,
Porto Velho,Água,"Caminhada dosReassentados pela UHE Sto.A n tô n  io",29/9/201,300,,"Infraestrutura/Cumprimento deacordos/ Água",MAB,
Porto Velho,Água,"Caminhada/Assembleia dePescadores do BaixoMadeira",21/2/201,300,,Contra barragens,MAB,
Porto Velho,"QuestãoIndígena",Abril Indígena Estadual,29/4/201,,,"Educação/ Saúde/Demarcação de áreaindígena",Índios,
Porto Velho,"QuestãoIndígena",Ocupação da Funasa,2/5/201,100,,Saúde,Índios,
Porto Velho,Política Agrícola,"Ato diante do Palácio RioMadeira/Jornada de Lutas",17/5/201,800,,"Crédito/ Infraestrutura/Renegociação de dívidas",MPA,
,Política Agrícola,"Protesto no Sintero/Jornadade Lutas",18/5/201,500,,Educação,MPA,
Municípios,Característica,Nome da Manifestação,Data,Pessoas,,Tipo de Reivindicação,Organização,Tipo Vio.
Porto Velho,Terra,"Ato de Solidariedade aosAmeaçados e contra aViolência",19/6/201,,,"Contra a injustiça e aviolência/ Contraimpunidade",SI,
Porto Velho,Terra,"Por RegularizaçãoFundiária/Com. deCujubinzinho",5/3/201,,,Regularização fundiária,ATR,
Porto Velho,Terra,"Por RegularizaçãoFundiária/Com. de BomJardim",4/3/201,,,Regularização fundiária,ATR,
Porto Velho,Terra,"Por RegularizaçãoFundiária/Com. São Carlos",3/3/201,,,Regularização fundiária,ATR,
Porto Velho,Terra,"Por RegularizaçãoFundiária/Com. de Sobral",3/3/201,,,Regularização fundiária,ATR,
Porto Velho,Terra,"Por RegularizaçãoFundiária/Com. de Brasileira",3/3/201,,,Regularização fundiária,ATR,"Ameaça deMorte"
Porto Velho,Terra,"Por RegularizaçãoFundiária/Com. de Mutuns",4/3/201,,,Regularização fundiária,ATR,
Porto Velho,Terra,"Ato diante do Tribunal deJustiça/Acamp. Nova Aliança",16/6/201,,,"Contra a injustiça e aviolência",SI,
Porto Velho,Terra,"Por RegularizaçãoFundiária/Com. de Belmont",17/2/201,,,Regularização fundiária,ATR,
Subtotal:,,,26,8000,,,,
Santa Catarina,,,,,,,,
Abdon Batista,Terra,"Caminhada em defesa dosAtingidos pela UHE Garibaldi",10/6/201,1000,,"Reassentamento/Indenização",MAB/ MST,
Biguaçu,"QuestãoIndígena","Bloq. da BR-101/GuaraniM'Biguaçu",13/9/201,,,Saúde,Índios,
"CamposNovos",Política Agrícola,"Jornada de Luta dasMulheres/Marcha contra oAgronegócio",3/3/201,500,,"Incentivos à pequenaprodução/ Contramonocultura",Via Campesina,
Chapecó,"QuestãoIndígena",Ocupação da Funai,19/10/201,31,,"Demarcação de áreaindígena",Índios,
Chapecó,Terra,"Jornada Nac. por R.A/Ocup.do Incra e Bco. do Brasil",22/8/201,,,"Crédito/ Renegociaçãode dívidas/ ReformaAgrária",MST,
Concórdia,Terra,Bloqueio da BR-153,26/8/201,,,Renegociação de dívidas,"Fetrafsul/ ViaCampesina",
Concórdia,Terra,Bloqueio da  BR-153,27/8/201,1000,,Renegociação de dívidas,"Fetrafsul/ ViaCampesina",
Curitibanos,Política Agrícola,"Jornada de Luta dasMulheres/Acamp. no Pq. deExp. Pouso dos Tropeiros",2/3/201,,,"Contra monocultura/Soberania alimentar",Via Campesina,
Curitibanos,Terra,"Jornada Nacional de LutaCamponesa/Caminhada",16/5/201,,,"Crédito/ Renegociaçãode dívidas/ Incentivos àpequena produção",MPA,
Florianópolis,"QuestãoIndígena","Ocup. Funasa/Bloq.BR-101/Guarani M'Biguaçu",13/9/201,300,,Saúde,Índios,
Florianópolis,Terra,"Vigília diante da ReceitaFederal/Jornada Nac. porR.A.",23/8/201,,,Crédito/ Infraestrutura,Via Campesina,
Florianópolis,Terra,"Ocup. do Incra/Jornada Nac.por Reforma Agrária",24/8/201,750,,"Crédito/ Infraestrutura/Reforma Agrária/Assentamento defamílias",MST,
Irani,Terra,"22a Romaria da Terra e daÁgua",11/9/201,8000,,"Direitos humanos/Reforma Agrária",CNBB/ CPT,
Itapiranga,Água,Ato Público/UHE Itapiranga,25/11/201,600,,Contra barragens,MAB,
Rio Negrinho,"Questõesambientais","Protesto contraAgrotóxicos/Jornada Nac. daJuventude",8/8/201,,,Contra agrotóxicos,MST,
"São Miguel doOeste",Política Agrícola,"Protesto na CEF e noBB/Jornada Nac. de LutaCamponesa",16/5/201,1000,,"Crédito/ Renegociaçãode dívidas/ Incentivos àpequena produção",MPA,
"São Miguel doOeste","Questõesambientais","Jornada Nacional daJuventude",8/8/201,120,,Contra agrotóxicos,MST,
Subtotal:,,,17,13301,,,,
Municípios,Característica,Nome da Manifestação,Data,Pessoas,,Tipo de Reivindicação,Organização,Tipo Vio.
Americana,Terra,"Ato em defesa da ReformaAgrária/Sítio Boa Vista",8/8/201,,,"Reforma Agrária/Assentamento defamílias/ Contra Grilagem",MST,
Americana,Terra,"Ato em defesa da ReformaAgrária/Sítio Boa Vista",12/8/201,,,"Reforma Agrária/Assentamento defamílias",MST,
Americana,Terra,"Ato em defesa da ReformaAgrária/Sítio Boa Vista",23/8/201,400,,"Reforma Agrária/Assentamento defamílias",MST,
Andradina,Terra,Ocupação do Incra,18/4/201,500,,Reforma Agrária,MST,
Apiaí,Política Agrícola,"Jornada de Lutas dasMulheres/Ocup. da Prefeitura",24/2/201,70,,Políticas públicas,Via Campesina,
Araraquara,Terra,Ocupação do Incra,26/1/201,100,,"Infraestrutura/Assentamento defamílias",MST***,
Bauru,Terra,"Ato Público diante daCâmara Municipal/Jorn. Nac.de Lutas pela Ref. Agrária",26/8/201,,,"Reforma Agrária/Assentamento defamílias/ ContraGrilagem/ Contraagrotóxicos","Conlutas/ CUT/MST",
Cajamar,Terra,"Ato Político-Cultural e Feirada Reforma Agrária",13/4/201,150,,"Contra a injustiça e aviolência/ ReformaAgrária",MST,
Cubatão,Política Agrícola,"Bloq. da Rod. CônegoDomênico Rangoni/Jornadade Luta das Mulheres",3/3/201,600,,"Contra monocultura/Políticas públicas",Via Campesina,
Iaras,Terra,"Corte de Pinus/Assent.Zumbi dos Palmares",13/9/201,225,,Políticas públicas,MST,
Limeira,Política Agrícola,"Jornada de Lutas dasMulheres/Ato em frente àPrefeitura",25/2/201,,,"Incentivos à pequenaprodução/ Contramonocultura",Via Campesina,
"PereiraBarreto",Terra,"Ocup. do Departamento deEstradas de Rodagem",15/4/201,,,Reforma Agrária,MST,
"PresidentePrudente",Terra,Ocup. do Itesp/Faz. Nazaré,4/1/201,300,,"Assentamento defamílias",MST,
Ribeirão Preto,Política Agrícola,"Protesto/Assent. SepéTiaraju",12/4/201,1000,,"Incentivos à pequenaprodução/ Contramonocultura",MST,
Ribeirão Preto,Terra,"Ocup. da Procuradoria doEstado/Acamp. AlexandraKollontay",17/10/201,100,,Reforma Agrária,MST,
São Paulo,Terra,"Ato Público/Com. Vale doRibeira/UHE Tijuco Alto",10/6/201,,,"Infraestrutura/ Saúde/Contra barragens/Políticas públicas",SS,
São Paulo,"QuestãoQuilombola","Ato Público/Com. do Vale doRibeira",17/6/201,,,Políticas públicas,SS,
São Paulo,Terra,"Jornada de Lutas dasMulheres/Ocup. do Incra",3/3/201,600,,"Contra monocultura/Assentamento defamílias/ Políticasp ú b  l ic a s",,
São Paulo,Terra,"Bloqueio da RodoviaAnhanguera",15/4/201,80,,"Contra a injustiça e aviolência/ ReformaAgrária",MST,
São Paulo,"Questõesambientais","Manifesto contra Mudançasno Código Florestal",9/5/201,400,,"Questões ambientais/Contra Desmatamento/Defesa da água e domeio ambiente","CNBB/Greenpeace/Via Campesina",
São Paulo,"Questõesambientais","Protesto contra Mudanças noCódigo Florestal",22/5/201,1500,,"Questões ambientais/Contra Desmatamento/Defesa da água e domeio ambiente","Greenpeace/MST",
São Paulo,Água,"Protesto contra UHE BeloMonte",19/6/201,2000,,"Contra barragens/ Defesada água e do meioambiente",Greenpeace,
São Paulo,Terra,Ocupação do Incra,3/8/201,500,,"Crédito/ Infraestrutura/Assistência técnica/Reforma Agrária",MST,
Municípios,Característica,Nome da Manifestação,Data,Pessoas,,Tipo de Reivindicação,Organização,Tipo Vio.
São Paulo,"Questõesambientais","Dia Nacional de Luta contraUHE Belo Monte",20/8/201,1000,,"Contra Desmatamento/Defesa da água e domeio ambiente",OI,
São Paulo,"QuestãoIndígena","Semana em defesa da Terra,Vida e do FuturoGuarani-Kaiowá",5/12/201,,,"Contra a injustiça e aviolência/ Demarcaçãode área indígena",Índios,
São Paulo,Terra,Ocupação do Banco do Brasil,8/12/201,500,,Desapropriação,MST,
São Paulo,Água,Ato contra UHE Belo Monte,17/12/201,,,Contra barragens,SI,
Serrana,Terra,"Marcha/Memória MassacreEldorado dos Carajás",11/4/201,200,,"Infraestrutura/ ReformaAgrária/ Assentamentode famílias",MST,
"TeodoroSampaio",Terra,Ocupação do Incra,20/1/201,350,,"Desapropriação/ Crédito/Infraestrutura/Assentamento defamílias",MST,
"TeodoroSampaio",Terra,Ocupação do Incra,19/4/201,500,,Reforma Agrária,MST,
Subtotal:,,,31,11475,,,,
Sergipe,,,,,,,,
Aracaju,Terra,"Acamp. diante do Incra/Faz.Tingui/Jornada Nac. de Lutas",10/4/201,300,,Desapropriação,MST,
Aracaju,Terra,"Acamp. diante doIncra/Acamp. Mário Lago",13/4/201,500,,"Reforma Agrária/Assentamento defamílias",MST,
Aracaju,Trabalhista,"Combate ao TrabalhoEscravo/Memória ChacinaUnaí",28/1/201,,,"Contra impunidade/Questões trabalhistas",Sinait,
Aracaju,Terra,"Acamp. na Pça. daBandeira/Jornada de Lutadas Mulheres",1/3/201,400,,"Contra monocultura/Reforma Agrária/Soberania alimentar/Políticas públicas",Via Campesina,
Aracaju,Terra,"Marcha/Dia Nacional doTabalhador Rural",25/7/201,,,Reforma Agrária,MST,
Brejo Grande,"QuestãoQuilombola",Ocupação do Incra,1/8/201,200,,"Contra a injustiça e aviolência",Quilombolas,
"Canindé deSão Francisco",Terra,"Ato diante dos Bancos doBrasil e Nordeste/Jorn. Nac.de Lutas pela Ref. Agrária",23/8/201,,,Reforma Agrária,Via Campesina,
Japaratuba,Terra,"Bloq. da BR-101/Faz. SãoJoão/Acamp. Arthur Bispo doRosário",15/4/201,100,,"Assentamento defamílias",MST,
Japaratuba,Terra,"Bloq. da BR-101/Faz. SãoJoão/Acamp. Arthur Bispo doRosário",12/5/201,1250,,"Cesta básica/Assentamento defamílias",MST,
Japaratuba,Terra,"Bloq. da BR-101/Acamp.Arthur Bispo do Rosário/Jorn.Nac. de Lutas",23/8/201,150,,"Reforma Agrária/Assentamento defamílias",MST,
"NossaSenhora daGlória",Política Agrícola,"Caminhada/Jornada Nacionalde Lutas",18/5/201,800,,"Renegociação de dívidas/Incentivos à pequenaprodução/ Questõesambientais",MPA,
Propriá,"Questõesambientais","Caminhada/I Enc. de Com.Trad. do Baixo São Francisco",16/9/201,47,,"Revitalização/ContraTransp. do Rio SãoFrancisco","Cáritas/ Cimi/Conaq/ CPT",
Subtotal:,,,12,3747,,,,
Tocantins,,,,,,,,
Araguaína,Terra,Ocupação do Incra,30/8/201,300,,"Reforma Agrária/Assentamento defamílias",Via Campesina,
Araguatins,Terra,Ocupação do Incra,30/8/201,200,,"Reforma Agrária/Assentamento defamílias",Via Campesina,
"Augustinópolis",Terra,"Semana da Terra/I Encontrode Pescadores e Agricultoresdo Bico do Papagaio",10/5/201,,,"Contra a injustiça e aviolência/ Defesa daágua e do meio ambiente",SI,
Municípios,Característica,Nome da Manifestação,Data,Pessoas,,Tipo de Reivindicação,Organização,Tipo Vio.
Palmas,Terra,"Ocup. do Incra/Jornada deLutas/Faz. Dom Augusto",28/4/2011,450,,"Contra monocultura/Reforma Agrária/Assentamento defamílias",ia Campesina,
Palmeirante,Terra,Bloqueio da TO-335,1/8/2011,100,,"Desapropriação/ ContraDesmatamento/ Contra ainjustiça e a violência/Assentamento defamílias",I,
"PortoNacional",Terra,"Jornada Nac. de Lutas/Faz.Dom Augusto",26/4/2011,,,"Contra monocultura/Reforma Agrária/Assentamento defamílias",AB/ MST,
"PortoNacional",Terra,"Marcha em defesa daReforma Agrária/Jorn. Nac.de Lutas",21/8/2011,,,"Reforma Agrária/Assentamento defamílias",AB/ MST,
"PortoNacional",Terra,"Ocup. do Banco do Brasil eAto na Pça. Central/Jorn.Nac. de Lutas",24/8/2011,400,,"Renegociação de dívidas/Reforma Agrária",AB/ MST,
Tocantinópolis,Água,"Ato Público na T. I.Apinajé/Contra UHE SerraQuebrada",4/5/2011,1500,,Contra barragens,ndios,
Subtotal:,,,10,2950,,,,