Municípios,Característica,Nome da Manifestação,Data,Pessoas,Tipo de Reivindicação,Organização,Tipo Vio.
Acre,,,,,,,
"ManoelUrbano",Terra,Bloqueio da BR-364,12/6/201,250,Infraestrutura,SI,
Rio Branco,Terra,"Caminhada pelaImplementação do Bloco deProdutora Rural",4/3/201,100,Políticas públicas,MMC,
Rio Branco,"QuestãoIndígena","Acampamento diante daFunasa",3/11/201,50,Saúde,Índios,
Tarauacá,"QuestãoIndígena","Ocup. do Deracre/AldeiaCaucho",8/6/201,100,Infraestrutura,Índios,
Subtotal:,,,4,500,,,
Alagoas,,,,,,,
Água Branca,Terra,"Ocup. da Pref./Jornada deLuta por R.A.",10/11/201,100,"Infraestrutura/ Saúde/Incentivos à pequenaprodução",MST,
Arapiraca,Política Agrícola,"Vigília diante dos Bancos doBrasil e do Nordeste",22/2/201,500,Renegociação de dívidas,MPA,
Arapiraca,Terra,"Protesto na Pça.Marques/Jornada deMulheres Camponesas",8/3/201,350,"Contra monocultura/Contra a injustiça e aviolência/ ReformaAgrária/ Soberaniaalimentar","MMC/ MPA/MST",
Arapiraca,Política Agrícola,"Ocupação da CaixaEconômica Federal",19/7/201,200,Infraestrutura,Amigreal,
Arapiraca,Política Agrícola,"Protesto diante do Banco doNordeste",2/8/201,,Renegociação de dívidas,SS,
Atalaia,Terra,"Marcha/Dia Est. de Lutacontra Impunidade eViolência",29/11/201,,"Infraestrutura/ Educação/Saúde/ Contraimpunidade",CUT/ MST,
Atalaia,Terra,"Ocup. da Pref./Jornada deLuta pela R.A.",15/4/201,,"Infraestrutura/ Educação/Saúde/ Incentivos àpequena produção/Reforma Agrária",MST,
Atalaia,Terra,"Bloq. BR-116/Jornada deLuta pela R.A.",15/4/201,200,"Infraestrutura/ Educação/Incentivos à pequenaprodução/ ReformaAgrária",MST,
Atalaia,Terra,"Ocup. da Pref./Jornada deLuta por R.A.",10/11/201,100,"Infraestrutura/ Saúde/Incentivos à pequenaprodução",MST,
Craíbas,Terra,"Ocup. da Prefeitura/Assent.Genivaldo Moura e RosaLuxemburgo",28/9/201,750,"Infraestrutura/ Educação/Saúde",MST,
"DelmiroGouveia",Terra,"Caminhada/Jornada deMulheres Camponesas",8/3/201,,"Contra monocultura/Contra a injustiça e aviolência/ ReformaAgrária/ Soberaniaalimentar",Índios/ MST,
"DelmiroGouveia",Terra,"Ocup. da Pref./Jornada deLuta pela R.A.",15/4/201,500,"Infraestrutura/ Educação/Saúde/ Incentivos àpequena produção/Reforma Agrária",MST,
"DelmiroGouveia",Terra,"Ocup. da Pref./Jornada deLuta por R.A.",10/11/201,100,"Infraestrutura/ Saúde/Incentivos à pequenaprodução",MST,
Flexeiras,Terra,"Ocup. da Pref./Jornada deLuta por R.A.",10/11/201,100,"Infraestrutura/ Saúde/Incentivos à pequenaprodução",MST,
"Girau doPonciano",Terra,"Ocup. da Pref./Jornada deLuta pela R.A.",15/4/201,350,"Infraestrutura/ Educação/Saúde/ Incentivos àpequena produção/Reforma Agrária",MST,
,Terra,"Caminhada/Jornada de Lutapor R.A.",10/11/201,100,"Infraestrutura/ Saúde/Incentivos à pequenaprodução",MST,
Municípios,Característica,Nome da Manifestação,Data,Pessoas,Tipo de Reivindicação,Organização,Tipo Vio.
Inhapi,Terra,"Ocup. da Pref./Jornada deLuta pela R.A.",15/4/201,150,"Infraestrutura/ Educação/Saúde/ Incentivos àpequena produção/Reforma Agrária",MST,
"JoaquimGomes",Terra,"Caminhada/Jornada de Lutapor R.A.",10/11/201,100,"Infraestrutura/ Saúde/Incentivos à pequenaprodução",MST,
Maceió,Terra,"Marcha/Dia Est. de Lutacontra Impunidade eViolência",30/11/201,1500,"Infraestrutura/ Educação/Saúde/ Contraimpunidade",CUT/ MST,
Maceió,"DireitosHumanos","Ato pela Libertação de JoséAparecido",4/3/201,,"Contra a injustiça e aviolência",CUT,
Maceió,Terra,"Ocup. do Incra/Faz. BoaEsperança",5/3/201,400,"Contra a injustiça e aviolência/ ReformaAgrária",CPT,
Maceió,Terra,"Aud. Púb./Faz. BoaEsperança",17/3/201,60,"Contra a injustiça e aviolência/ ReformaAgrária",MST,
Maceió,"DireitosHumanos","Jejum por R.A./Faz. BoaEsperança",26/3/201,,"Contra a injustiça e aviolência/ ReformaAgrária",CPT,
Maceió,Terra,"Acamp. na Pça. dosMartírios/Jornada deMulheres Camponesas",8/3/201,500,"Contra monocultura/Contra a injustiça e aviolência/ ReformaAgrária/ Soberaniaalimentar","CUT/ MMM*/MST",
Maceió,Terra,"Manif. na Praça Pedro II/Jornada de Luta pela R.A.",19/4/201,1200,"Infraestrutura/ Incentivosà pequena produção/Reforma Agrária",MST,
Maceió,Terra,Ocupação do Incra,27/5/201,100,"Desapropriação/ Crédito/Infraestrutura",CPT,
Maceió,Terra,Ocupação do Incra,7/6/201,700,"Desapropriação/Infraestrutura",MLST,
Maceió,Trabalhista,"Caminhada pela Erradicaçãodo Trabalho Infantil",10/6/201,200,Questões trabalhistas,SS,
Maceió,Terra,"Ocupação da Sede daEletrobrás",21/6/201,,"Desapropriação/Regularização fundiária/Infraestrutura/ Educação/Saúde",CPT,
Maceió,Terra,Caminhada/35 Anos da CPT,21/6/201,,Reforma Agrária,CPT,
Maceió,Terra,"Ocup. do Incra/Ocup. daSede da Eletrobrás",22/6/201,500,"Desapropriação/Regularização fundiária/Infraestrutura/ Educação/Saúde",CPT,
Maceió,Terra,"Ato Público/Limite pelaPropriedade da Terra",7/7/201,70,"Reforma Agrária/Soberania alimentar",SS,
Maceió,Terra,"Acampamento na PraçaSinimbu",1/8/201,350,"Desapropriação/Infraestrutura",MTL,
Maceió,Terra,"Ocup. da Sede daEletrobrás/antiga Ceal",20/9/201,,Infraestrutura,CPT,
Maceió,Terra,"Caminhada até o Palácio doGoverno",21/9/201,,Infraestrutura/ Educação,CPT,
Maceió,Terra,Acamp. na Seagri,22/9/201,900,Infraestrutura,CPT,
Maceió,Terra,"Acamp. Praça Sinimbu/Faz.Canoa",22/4/201,100,"Crédito/ Infraestrutura/Reforma Agrária",MLST,"Omissão/Conivência"
Maragogi,Terra,"Bloq. AL-105 Norte/Faz.Soledade",22/4/201,220,"Indenização/ ReformaAgrária",MTL,
Maragogi,Terra,"Ocup. da Pref./Jornada deLuta por R.A.",10/11/201,100,"Infraestrutura/ Saúde/Incentivos à pequenaprodução",MST,
Messias,Terra,"Bloq. BR-101/Faz.Riachão/Us. Utinga Leão",9/8/201,250,"Contra a injustiça e aviolência",MTL,
Murici,Terra,Ocupação da Prefeitura,5/3/201,,"Desapropriação/Infraestrutura",MTL,
Novo Lino,Terra,Ocupação da Prefeitura,5/3/201,,"Desapropriação/Infraestrutura",MTL,
Municípios,Característica,Nome da Manifestação,Data,Pessoas,Tipo de Reivindicação,Organização,Tipo Vio.
"Olho D`Águado Casado",Terra,"Ocup. da Pref./Jornada deLuta pela R.A.",15/4/201,110,"Infraestrutura/ Educação/Saúde/ Incentivos àpequena produção/Reforma Agrária",MST,
"Pão deAçúcar",Terra,"Ocup. da Pref./Jornada deLuta por R.A.",10/11/201,100,"Infraestrutura/ Saúde/Incentivos à pequenaprodução",MST,
Paripueira,Terra,"Caminhada/Jornada de Lutapor R.A.",10/11/201,100,"Infraestrutura/ Saúde/Incentivos à pequenaprodução",MST,
"Passo doCamaragibe",Terra,"Bloq. da AL-101 Norte/Faz.Sonho Meu",24/5/201,40,"Contra a injustiça e aviolência",MTL,
Penedo,Terra,"Ocup. da Pref./Jornada deLuta por R.A.",10/11/201,100,"Infraestrutura/ Saúde/Incentivos à pequenaprodução",MST,
Porto Calvo,Terra,"Bloq. da AL-105Norte/Assent. Maciape",2/8/201,,Infraestrutura,SI,
Porto Calvo,Terra,"Romaria da Terra e dasÁguas",27/11/201,5000,Reforma Agrária,CEBs/ CPT,
Rio Largo,Terra,"Bloq. BR-104/Faz.Ururcum/Us. Utinga",16/11/201,500,Reforma Agrária,CPT/ MST/ MTL,
"São Luís doQuitunde",Terra,"Ocup. da Pref./Jornada deLuta pela R.A.",15/4/201,150,"Infraestrutura/ Educação/Saúde/ Incentivos àpequena produção/Reforma Agrária",MST,
"São Migueldos Milagres",Terra,"Ocup. da Prefeitura/Assent.Jubileu 2000",23/3/201,30,Infraestrutura,CPT,
"São Migueldos Milagres",Terra,"Bloq. da AL-101/Assent. Quil.dos Palmares e Jubileu 2000",4/11/201,360,Infraestrutura,CPT,
"São Migueldos Milagres",Terra,Protesto contra o DER,3/11/201,,Infraestrutura,CPT,
Traipu,Terra,"Ocup. da Pref./Jornada deLuta por R.A.",10/11/201,100,"Infraestrutura/ Saúde/Incentivos à pequenaprodução",MST,
"União dosPalmares",Terra,"Ocup. da Pref./Jornada deLuta por R.A.",10/11/201,100,"Infraestrutura/ Saúde/Incentivos à pequenaprodução",MST,
Subtotal:,,,57,17540,,,
Amazonas,,,,,,,
"Atalaia doNorte","QuestãoIndígena",Ocupação da Funai,8/2/201,,Questão Indígena,Índios,
Autazes,"QuestãoIndígena",Ocupação da Funai,8/2/201,,Questão Indígena,Índios,
Boca do Acre,"QuestãoIndígena","Bloq. da BR-317/PovoApurinã e Jamamadi",30/3/201,,"Cumprimento deacordos/ Educação/Saúde",Índios,
Eirunepé,"QuestãoIndígena",Ocupação da Funai,8/2/201,,Questão Indígena,Índios,
Manaus,Terra,"Audiência Pública/PelosIndígenas Apurinã",7/6/201,,Questão Indígena,CPT,
Manaus,Terra,"AudiênciaPública/Comunidades doPuraquequara",30/4/201,,Regularização fundiária,SI,
Manaus,"QuestãoIndígena",Ocupação da Funai,8/2/201,29,Questão Indígena,Índios,
Manaus,"DireitosHumanos","Manifestação/DiaInternacional da Mulher",8/3/201,,"Contra a injustiça e aviolência",SI,
Manaus,"Questõesambientais","Protesto contra Modificaçõesno Código Florestal",29/5/201,,Contra Grilagem,Greenpeace,
Manaus,"QuestãoIndígena","Acamp. na Praça Dom PedroII",10/6/201,100,Infraestrutura,Índios,
Manaus,Terra,"Pela Solução dos ConflitosAgrários no Amazonas",22/6/201,,Regularização fundiária,CPT,
Manaus,"QuestãoIndígena","Acamp. diante das Casas doConjunto Cidadão 12/Conj.Nova Cidade",22/8/201,40,Infraestrutura,Índios,
Manaus,Terra,"Pelo Limite da Propriedadeda Terra/Grito dos Excluídos",7/9/201,,Limite da Propriedade,FNRAJC/ FPS,
Municípios,Característica,Nome da Manifestação,Data,Pessoas,Tipo de Reivindicação,Organização,Tipo Vio.
Manicoré,"QuestãoIndígena",Ocupação da Funai,8/2/201,,Questão Indígena,Índios,
Manicoré,"QuestãoIndígena",Protesto/Aldeia Pracuá,17/5/201,200,Questão Indígena,Índios,
Parintins,"QuestãoIndígena",Ocupação da Funai,8/2/201,,Questão Indígena,Índios,
Parintins,"QuestãoIndígena",Ocupação da Funasa,23/11/201,20,Saúde,Índios,
Subtotal:,,,18,389,,,
Bahia,,,,,,,
Abaré,Água,"Bloq. da Ponte doIbó/Atingidos BarragemItaparica",18/1/201,2000,Reassentamento,MABIN,
Barreiras,Terra,"Audiência Pública em defesade Territórios Tradicionais",7/12/201,50,Contra barragens,CPT,
Barreiras,"QuestãoIndígena","Ocup. do Escritório daCodevasf/Etnia Kiriri",15/12/201,20,"Demarcação de áreaindígena",Índios,
"Bom Jesus daLapa",Terra,"Romaria da Terra e dasÁguas",2/7/201,5000,"Direitos humanos/Reforma Agrária/ Defesada água e do meioambiente",CPT,
Caetité,Água,"Protesto diante da Mina deExtração de Urânio/EstatalINB",27/1/201,,"Defesa da água e domeio ambiente/ Contramineradoras",Greenpeace,
Caetité,Água,"Protesto/ComunidadesPróximas à Mina de Extraçãode Urânio",3/2/201,,"Defesa da água e domeio ambiente",SI,
Candeias,Água,"Protesto diante do Porto deAratu/Ilha de Maré",21/9/201,500,"Defesa da água e domeio ambiente",Pescadores,
Capim Grosso,Política Agrícola,"Ocup. da Estação deTratamento de Água daEmbasa/Jornada de Lutas",26/5/201,,Água,MPA,
Carinhanha,Terra,"Ato/1 Ano de Luta eResistência na Terra/Faz.Tamburi",31/5/201,120,Reforma Agrária,LCP,
Casa Nova,Terra,"Ato Público contraImpunidade/Memória JoséCampos Braga",29/1/201,600,"Contra a injustiça e aviolência/ Contraimpunidade",UNASFP,
Cotegipe,Terra,"Protesto contraImpunidade/Violências naRegião de Taguá",23/10/201,,"Contra a injustiça e aviolência",SS,
Curaçá,"QuestãoIndígena",Protesto/Povo Atikum,3/9/201,,Saúde,Índios,
Curaçá,Água,"Marcha na BR-210/UHERiacho Seco e Pedra Branca",6/2/201,200,Contra barragens,MAB,
Curaçá,Água,"Protesto na Com. Cerca dePedra/UHE Riacho Seco ePedra Branca",7/5/201,400,Contra barragens,MAB,
"Feira deSantana",Política Agrícola,"Acampamento diante daPrefeitura",1/3/201,100,"Incentivos à pequenaprodução",STR,
"Feira deSantana/Salvador",Terra,Marcha pela Reforma Agrária,19/4/201,5000,"Infraestrutura/Assistência técnica/Contra impunidade/Reforma Agrária",MST,
Gongogi,Água,"Caminhada contra Barragensno Rio Gongogi",22/11/201,100,"Contra barragens/ Defesada água e do meioambiente",SS,
Guanambi,Água,"Caminhada/Dia Mundial daÁgua",22/3/201,300,"Defesa da água e domeio ambiente",SI,
Itabuna,Terra,Ocupação do Incra,2/2/201,65,"Crédito/ Infraestrutura/Assistência técnica",SI,
Jacobina,Política Agrícola,"Ocup. do Bco. do Brasil e doNordeste/Jornada de Lutas",26/5/201,,Renegociação de dívidas,MPA,
Jacobina,"Questõesambientais","Encontro/Definição deEstratégias: Com.Impactadas por Mineração",5/8/201,30,"Defesa da água e domeio ambiente/ Contramineradoras",CPT,
Municípios,Característica,Nome da Manifestação,Data,Pessoas,Tipo de Reivindicação,Organização,Tipo Vio.
Pau Brasil,"QuestãoIndígena","Protesto/II Encontro Reg. dasMulheres Indígenas/AldeiaCaramuru",13/8/201,,"Contra a injustiça e aviolência",Índios,
Ponto Novo,Terra,"Bloq. da BR-407/Barragemde Ponto Novo",8/3/201,1000,"Assentamento defamílias",MPA,
Ponto Novo,Terra,"Ocup. Sede da Empresa SítioBarreras/Barragem de PontoNovo",8/3/201,,"Assentamento defamílias",MPA,
Porto Seguro,"QuestãoIndígena","Bloqueio da EstradaArraial/Trancoso/Aldeia Velha",20/2/201,,"Contra a injustiça e aviolência",Índios,
Quijingue,Terra,Dia do Trabalhador Rural,26/7/201,,"Incentivos à pequenaprodução",STR,
"Riacho deSantana",Terra,"Protesto contra DespejoJudicial/Faz. Várzea do SítioNovo",31/10/201,100,"Contra a injustiça e aviolência",STR,
"Ribeira doPombal",Terra,"Bloqueio da BR-110/Km -171",24/5/201,500,Reforma Agrária,PJR,
Salvador,Terra,"Audiência Pública em defesade Territórios Tradicionais",1/6/201,35,Contra Grilagem,CPT,
Salvador,Terra,"Audiência Pública em defesade Territórios Tradicionais",19/8/201,40,Contra Grilagem,CPT,
Salvador,Terra,"Caminhada e Ato diante daSeagri/Marcha pela Ref.Agrária",27/4/201,,"Infraestrutura/Assistência técnica/Reforma Agrária",MST,
Salvador,"QuestãoIndígena","Protesto contra a Prisão doCacique Babau",26/3/201,80,"Contra a injustiça e aviolência",Índios,
Salvador,"QuestãoIndígena","Protesto diante daAssembleia Legislativa",12/7/201,300,"Contra a injustiça e aviolência",Índios,
Salvador,Terra,"Acamp. na UFBA/DiaInternacional da Mulher",8/3/201,1500,"Contra a injustiça e aviolência/ ReformaAgrária/ Soberaniaalimentar",Via Campesina,
Salvador,Água,Grito da Água,22/3/201,2000,"Questões ambientais/Contra privatização daágua",SS,
Salvador,Terra,Ocupação da Seagri,24/3/201,,"Infraestrutura/Assistência técnica",MLT,
Salvador,"Questõesambientais","Protesto contra Modificaçõesno Código Florestal",30/5/201,,Contra Grilagem,Greenpeace,
Salvador,"Questõesambientais","Vigília contra Modificaçõesno Código Florestal",8/7/201,,"Defesa da água e domeio ambiente",SS,
Salvador,Terra,"Lançamento do PlebiscitoPopular pelo Limite daPropriedade da Terra",12/8/201,,Limite da Propriedade,FNRAJC,
"Santa Mariada Vitória",Terra,"Ato de Solidariedade eDesagravo contra PrisãoLideranças/Com. de Fundode Pasto",15/4/201,2000,"Contra a injustiça e aviolência",CPT,
Santo Amaro,Terra,Ocupação da Prefeitura,9/12/201,300,"Infraestrutura/ Educação/Saúde",MST,
São Desidério,Água,"Protesto contra a Instalaçãode PCHs no Rio Grande e noRio das Fêmeas",4/10/201,,"Contra privatização daágua/ Contra barragens",SI,
São Desidério,Água,"Lamento das Águas/PCHs doRio das Fêmeas e do RioGrande",24/10/201,250,"Contra privatização daágua/ Contra barragens",SI,
Sobradinho,Água,"Acamp. dos Ameaçados eAtingidos porBarragens/Sobradinho eOutras",15/3/201,800,"Indenização/ Contrabarragens",MAB,
Sobradinho,Água,"Ocup. da Chesf/Acamp. dosAmeaçados e Atingidos porBarragens",17/3/201,,"Indenização/ Contrabarragens",MAB,
Tremedal,"Questõesambientais","1a Cam. Ecológica em defesada Vida e contra oMonocultivo do Eucalipto",11/9/201,200,Contra monocultura,CPT/ CRMA*,
"Vitória daConquista",Política Agrícola,Ocupação do Banco do Brasil,26/5/201,,Renegociação de dívidas,MPA,
Municípios,Característica,Nome da Manifestação,Data,Pessoas,Tipo de Reivindicação,Organização,Tipo Vio.
Ceará,,,,,,,
Alto Santo,Água,"Ocupação do Canteiro daBarragem do Figueiredo",20/8/201,600,"Infraestrutura/Cumprimento deacordos/ Indenização/Contra barragens",OI,
Alto Santo,Água,"Ocupação da BarragemFigueiredo",3/12/201,300,"Reassentamento/Indenização",OI,
Beberibe,Água,"Mobilização porCCDRU/Prainha do CantoVerde",5/12/201,,Concessão de Uso,AMPCV*,
Bela Cruz,Água,"Marcha do Vale/Com. CurralVelho",16/10/201,,Questões ambientais,AMPCV,
Chorozinho,Terra,"Protesto porDesapropriação/Faz.Dulcinéia",15/12/201,,Reforma Agrária,SI,
Crateús,Água,"Ato Público/Solução parafalta d'Água",12/3/201,,Água,Diocese,
Crato,Terra,"Romaria ao Caldeirão doBeato Zé Lourenço",19/9/201,2000,Direitos humanos,CPT,
Fortaleza,Terra,"Ocup. da Prefeitura/Comunada Terra",15/7/201,1000,"Infraestrutura/Assentamento defamílias",MCP*/ MST,
Fortaleza,Terra,"Ocup. da Pref./Comuna daTerra 17 de Abril",28/9/201,500,"Regularização fundiária/Infraestrutura/Assentamento defamílias",MCP*/ MST,
Fortaleza,Terra,"Ato contrainjustica/Assassinato de JoséMaria",27/4/201,500,"Contra a injustiça e aviolência",CPT/ MST,
Fortaleza,"DireitosHumanos","Ato Público/Assassinato deJosé Maria",21/7/201,500,"Questões ambientais/Contra a injustiça e aviolência/ Contraimpunidade","Cáritas/ CPT/MAB/ MST/Renap/ ViaCampesina",
Fortaleza,Terra,Ocupação do Incra,23/2/201,600,"Crédito/ Infraestrutura/Educação/ Questõesambientais/ ReformaAgrária/ Concessão deUso",Fetraece,
Fortaleza,Terra,"Ocup. da Fábrica daNufarm/Dia Intern. da Mulher",8/3/201,400,"Contra monocultura/Reforma Agrária/ Defesada água e do meioambiente/ Soberaniaalimentar",Via Campesina,
Fortaleza,Terra,"Protesto diante do Incra e doPalácio Iracema",19/4/201,1400,"Assistência técnica/Educação/ Assentamentode famílias",MST,
Fortaleza,Água,Ato Contra UHE Belo Monte,20/4/201,1000,Contra barragens,MAB,
Fortaleza,Terra,"Interdição da Avenida JoséBastos/Acamp. diante doIncra",20/4/201,,"Assistência técnica/Educação/ Assentamentode famílias",MST,
Fortaleza,Terra,"Ocup. da Semace/Jorn. Nac.de Lutas por R.A.",26/4/201,,"Contra a injustiça e aviolência/ Políticasp ú b  l ic a s",MST,
Fortaleza,Política Agrícola,"Ocup. da SDA/Jorn. Nac. deLutas por R.A.",28/4/201,600,"Crédito/ Políticasp ú b  l ic a s",MST,
Fortaleza,Terra,Ocupação do Incra,3/7/201,500,"Infraestrutura/Cumprimento deacordos/ Educação",MST,
Fortaleza,Política Agrícola,Ocupação do Incra,22/7/201,400,"Educação/ Assentamentode famílias",MST,
Fortaleza,Terra,Ocupação do Incra,9/11/201,500,"Crédito/ Assistênciatécnica/ Reforma Agrária/Seguro safra",Fetraece,
Hidrolândia,Trabalhista,Protesto/Dia do Trabalho,2/5/201,150,Questões trabalhistas,STR,
Icapuí,Água,"Ato por Fiscalização/Praia daRedonda e outras",22/9/201,3000,"Defesa da água e domeio ambiente",OI,
Icapuí,Água,Protesto por Água na CE-261,22/6/201,200,Água/ Políticas públicas,MST,
Municípios,Característica,Nome da Manifestação,Data,Pessoas,Tipo de Reivindicação,Organização,Tipo Vio.
"Limoeiro doNorte",Terra,"Caminhada Contra a Injustiçae o Uso de Agrotóxicos",12/5/201,600,"Questões ambientais/Contra a injustiça e aviolência",CPT/ MAB/ MST,
"Limoeiro doNorte","Questõesambientais","Acamp. contraAgronegócio/Proj. Irrig.Jaguaribe-Apodi",19/8/201,400,"Contra monocultura/Contra a injustiça e aviolência/ Defesa daágua e do meio ambiente",Via Campesina,
Morada Nova,Água,"Ocup. do canteiro deobras/Proj. Irrig. Tabuleiro doRussas",11/3/201,500,"Infraestrutura/ Contraprivatização da água/Reforma Agrária","STR/ ViaCampesina",
Russas,Água,"Bloq. BR-116/Proj. Irrig.Tabuleiro do Russas",19/8/201,200,"Infraestrutura/Cumprimento deacordos/Reassentamento",STR,Intimidação
Subtotal:,,,29,16050,,,
Distrito Federal,,,,,,,
Brasília,Terra,Grito da Terra Brasil,12/5/201,7000,"Crédito/ Assistênciatécnica/ Educação/Saúde/ Reforma Agrária",Contag,
Brasília,"QuestãoIndígena","Acampamento diante doMinistério da Justiça",1/1/201,50,Questão Indígena,Índios,
Brasília,"QuestãoIndígena",Ocupação da Funai,11/1/201,250,Questão Indígena,Índios,
Brasília,Trabalhista,"Ato diante do STF/ContraMorosidade Judicial/Chacinade Unaí",28/1/201,120,"Contra a injustiça e aviolência/ Contraimpunidade",Sinait,
Brasília,Água,"Audiência Pública/ContraUHE de Estreito",7/4/201,80,"Contra barragens/ Defesada água e do meioambiente",MAB,
Brasília,Água,"Caminhada Contra UHE BeloMonte",12/4/201,1000,Contra barragens,MAB,
Brasília,"Questõesambientais","Protesto diante do Palácio doItamaraty",15/4/201,6,Questões ambientais,Greenpeace,Detenção
Brasília,Terra,Ocupação do Incra,19/4/201,700,"Cumprimento deacordos/ Reforma Agrária",MST,
Brasília,"Questõesambientais","Protesto diante daAneel/UHE de Belo Monte",20/4/201,600,"Contra barragens/ Defesada água e do meioambiente","Greenpeace/MAB/ MST",
Brasília,"DireitosHumanos","Ato contra Extinção dosPostos da Funai nas Aldeias",5/5/201,,Questão Indígena,Índios,
Brasília,"QuestãoIndígena","Ocup. da Funai/Acamp.diante do Ministério daJustiça",26/5/201,200,Questão Indígena,Índios,
Brasília,Trabalhista,"Ato pela Aprovação da PEC438/2001",27/5/201,300,Questões trabalhistas,Conatrae,
Brasília,"Questõesambientais","Protesto contra Modificaçõesno Código Florestal",30/5/201,,Contra Grilagem,Greenpeace,
Brasília,"Questõesambientais","Vigília contra Modificaçõesno Código Florestal",7/7/201,,Questões ambientais,Greenpeace,
Brasília,Terra,"Caminhada/2o Festival daJuventude Rural",28/7/201,5000,"Educação/ Incentivos àpequena produção/Reforma Agrária",Contag,
Brasília,"QuestãoIndígena","Ato Pela Aprovação daSecretaria Especial de SaúdeIndígena",3/8/201,100,Saúde,Índios,
Brasília,"QuestãoIndígena","Ocupação da Área Externada Funai",9/8/201,100,Cumprimento de acordos,Índios,
Brasília,Água,"Protesto contra Assinatura daConcessão da UHE de BeloMonte",26/8/201,,"Contra barragens/ Defesada água e do meioambiente",Índios,
Brasília,Terra,"Pelas Reservas Extrativistasdo Amazonas",27/9/201,,Regularização fundiária,SI,
Subtotal:,,,19,15506,,,
Espírito Santo,,,,,,,
Alegre,Terra,"Ato de Repúdio contraEmpreendimento daVale/Chapada do A",25/5/201,,"Defesa da água e domeio ambiente/ Contramineradoras",SS,
Municípios,Característica,Nome da Manifestação,Data,Pessoas,Tipo de Reivindicação,Organização,Tipo Vio.
"Barra de SãoFrancisco",Política Agrícola,"Ocupação da CaixaEconômica Federal",22/2/201,,Políticas públicas,MPA,
Cariacica,Terra,"Ocup. do Iema/Chapada doA/CSU/CVRD",14/10/201,100,Contra mineradoras,SS,
"DomingosMartins",Política Agrícola,Protesto na Prefeitura,24/2/201,,Infraestrutura,MPA,
Linhares,Água,"Protesto diante da EmpresaSucos Mais",23/1/201,250,"Defesa da água e domeio ambiente",MPA,
Linhares,Água,"Protesto contra Obras daEmpresa Sucos Mais",14/4/201,10,"Defesa da água e domeio ambiente",MPA,
Montanha,Política Agrícola,"Ocupação da CaixaEconômica Federal",22/2/201,,Políticas públicas,MPA,
Nova Venécia,Política Agrícola,"Ocupação da CaixaEconômica Federal",22/2/201,,Políticas públicas,MPA,
"São Gabrielda Palha",Política Agrícola,"Ocupação da CaixaEconômica Federal",22/2/201,,Políticas públicas,MPA,
"São José doCalçado",Política Agrícola,"Ocupação da CaixaEconômica Federal",22/2/201,,Políticas públicas,MPA,
São Mateus,Política Agrícola,"Ocupação da CaixaEconômica Federal",22/2/201,2000,Políticas públicas,MPA,
São Mateus,Terra,"Caminhada/Jorn. de LutaContra o Agronegócio e aViolência",10/3/201,400,"Contra a injustiça e aviolência/ Soberaniaalimentar/ Políticasp ú b  l ic a s","MMC/ ViaCampesina",
São Mateus,Terra,"Manifestação/8° Encontrodos Sem Terrinha",14/10/201,250,Educação,MST,
Vila Velha,Terra,"Acampamento diante doIncra",24/3/201,100,Desapropriação,MSTR,
Vitória,Terra,Caminhada/Dia da Mulher,8/3/201,500,Sem Informação,Via Campesina,
Vitória,Terra,5° Grito da Terra,9/3/201,2000,"Desapropriação/ Contra ainjustiça e a violência",Fetaes,
Vitória,Política Agrícola,"Ocup. do Ministério daFazenda/Jorn. de Lutas doMPA",27/5/201,2000,Renegociação de dívidas,MPA,
Vitória,Terra,"Vigília diante da JustiçaFederal",28/5/201,,"Assentamento defamílias",Via Campesina,
Vitória,Terra,"Caminhada pelo Limite daPropriedade/Grito dosExcluídos",7/9/201,5000,Limite da Propriedade,FNRAJC,
Subtotal:,,,20,12610,,,
Goiás,,,,,,,
Anicuns,Terra,"Romaria da Terra e dasÁguas",5/6/201,8000,"Direitos humanos/Reforma Agrária/ Defesada água e do meioambiente","CPT/ Diocese/Paróquias",
"Carmo do RioVerde",Terra,IV Romaria dos Mártires,23/10/201,10000,"Contra a injustiça e aviolência/ Contraimpunidade","CPT/ Diocese/Paróquias/ STR",
Goiânia,Terra,"Pelo Limite da Propriedadeda Terra/Grito dos Excluídos",7/9/201,800,"Educação/ Saúde/ Limiteda Propriedade",FNRAJC,
Goiânia,"Questõesambientais",Comprometer com o Cerrado,21/9/201,50,"Incentivos à pequenaprodução/ Contramonocultura",SS,
Goiás,Política Agrícola,"Ocupação da CaixaEconômica Federal",22/2/201,200,Crédito,MPA,
Itaberaí,Terra,"Marcha Estadual pelaReforma Agrária",12/4/201,850,Reforma Agrária,MST,
Niquelândia,Política Agrícola,"Ocupação da CaixaEconômica Federal",22/2/201,200,Crédito,MPA,
Rubiataba,Terra,"Caminhada contra oAgronegócio/Mobilização dasMulheres",8/3/201,500,Contra monocultura,Via Campesina,
Uruaçu,Política Agrícola,"Ocupação da CaixaEconômica Federal",22/2/201,110,Crédito,MPA,
Subtotal:,,,9,20710,,,
Maranhão,,,,,,,
,Terra,"Ato contra a CVRD/IEncontro Intern. dosAtingidos pela Vale",10/4/201,,"Questões ambientais/Contra mineradoras",SS,
Municípios,Característica,Nome da Manifestação,Data,Pessoas,Tipo de Reivindicação,Organização,Tipo Vio.
Açailândia,"Questõesambientais","Encontro Regional dosAtingidos pela Vale",22/7/201,70,"Questões trabalhistas/Defesa da água e domeio ambiente",SS,
Açailândia,Terra,"1a Jornada da Infância eJuventude/Sem Terrinha",12/10/201,400,Educação/ Saúde,MST,
Açailândia,Terra,"Ato Público contra PoluiçãoCausada pela CVRD/Com.Piquiá de Baixo",14/9/201,300,Reassentamento,CDVDH,
"Alto Alegre doPindaré","QuestãoIndígena","Bloq. da Estrada de FerroCarajás/Km 289/AldeiaMaçaranduba",22/2/201,50,"Cumprimento deacordos/ Saúde",Índios,
Balsas,Terra,"Vigilia diante do MinistérioPúblico",2/3/201,100,"Contra a injustiça e aviolência",SS,
Balsas,Terra,"Vigília diante do MinistérioP ú b  l ic o",3/3/201,100,"Contra a injustiça e aviolência",SS,
Balsas,Terra,"Protesto diante do MinistérioP ú b  l ic o",4/3/201,350,"Contra a injustiça e aviolência",SS,
"Barra doCorda","QuestãoIndígena","Bloq. da BR-226/T. I.Canabrava",7/11/201,200,Educação,Índios,Prisão
Dom Pedro,Terra,"Protesto na CâmaraMunicipal",22/10/201,,Políticas públicas,CPT,"Ameaça deMorte"
Imperatriz,"Questõesambientais","Ato contra Mudanças noCódigo Florestal Brasileiro",2/3/201,42,Questões ambientais,STR,
Imperatriz,Terra,Caminhada/Dia da Mulher,8/3/201,70,Políticas públicas,MMC,
Imperatriz,Terra,Ocupação do Incra,27/4/201,350,Reforma Agrária,MST,
São Bento,"QuestãoQuilombola","Protesto diante doFórum/Quilombo Cruzeiro",1/12/201,300,"Contra a injustiça e aviolência","Cáritas/ CPT/Fetaema/Quilombolas",
São Luís,Terra,Grito da Terra,22/7/201,3500,"Infraestrutura/ Educação/Saúde/ Reforma Agrária",Fetaema,
"São LuísGonzaga doMaranhão",Terra,Ocupação do Banco do Brasil,30/3/201,,"Crédito/ Infraestrutura/Renegociação de dívidas/Reforma Agrária",MST,
"São VicenteFerrer",Terra,"1a Romaria da Terra na Com.Quilombola de Charco",29/11/201,300,"Regularização fundiária/Contra a injustiça e aviolência","CPT/Quilombolas",
"TassoFragoso",Água,"I Marcha dos Povos da Baciado Rio Parnaíba",15/12/201,2000,Contra barragens,MAB,
Zé Doca,"QuestãoIndígena","Acampamento NósExistimos/Terra e Vida paraos Awá-Guajá",1/8/201,50,Questão Indígena,Índios,
Zé Doca,"QuestãoIndígena",Acampamento Nós Existimos,1/8/201,100,"Demarcação de áreaindígena/ Defesa da águae do meio ambiente",Índios,
Subtotal:,,,20,8282,,,
Mato Grosso,,,,,,,
Aripuanã,"QuestãoIndígena","Ocup. do Canteiro de Obrasda UHE Dardanelos",25/7/201,300,"Indenização/ Políticasp ú b  l ic a s",Índios,
"Barra doGarças","QuestãoIndígena","Ocupação do DSEI/T.I.Xavante",18/3/201,70,Saúde,Índios,
"Bom Jesus doAraguaia",Terra,"Reunião com o Incra/PelaConstrução do PDSBordolândia",1/5/201,400,"Assentamento defamílias",SI,
Cáceres,Terra,"Bloq. da BR-070/Faz. SãoPaulo",15/6/201,,"Assentamento defamílias",MST,
Cáceres,Terra,"Bloq. da BR-070/Faz. SãoPaulo",18/6/201,80,"Assentamento defamílias",MST,
"Chapada dosGuimarães",Água,Ocupação da UHE de Manso,8/3/201,800,Cumprimento de acordos,MAB,
Cláudia,Política Agrícola,"Acampamento diante daPrefeitura",29/3/201,450,Infraestrutura/ Educação,MST,
Colider,Terra,"Protesto em frente ao Bancodo Brasil",27/5/201,,"Crédito/ Reforma Agrária/Políticas públicas",Via Campesina,
Colider,"QuestãoIndígena","Manifesto Um Grito peloXingu/T. I. Kapot Nhinore",14/12/201,,"Demarcação de áreaindígena",Índios,
Municípios,Característica,Nome da Manifestação,Data,Pessoas,Tipo de Reivindicação,Organização,Tipo Vio.
Cuiabá,Terra,"Acamp. em frente aoIncra/Jorn. de Lutas porReforma Agrária",12/4/201,200,"Infraestrutura/Assentamento defamílias",MST,
Cuiabá,"Questõesambientais","Protesto contra Projeto deZoneamento",20/4/201,,"Defesa da água e domeio ambiente",Cimi/ MST,
Cuiabá,Terra,"Ocup. do Incra/Jorn. de Lutaspor Reforma Agrária",27/4/201,,"Infraestrutura/Assentamento defamílias",MST,
Cuiabá,"QuestãoIndígena","Ato de Repúdio/EncontroNac. de Mulheres Indígenas",19/11/201,80,Questão Indígena,Índios,
Cuiabá,Terra,"Acampamento em frente aoIncra",6/12/201,500,"Assentamento defamílias/ Políticasp ú b  l ic a s",MST,
Cuiabá,Terra,Bloqueio da BR-174,7/12/201,250,"Assentamento defamílias/ Políticasp ú b  l ic a s",MST,
"Guarantã doNorte",Terra,Ocup. do Incra/Gleba Nhandu,22/2/201,900,Outros,CPT,
Pedra Preta,Política Agrícola,"Acampamento diante daPrefeitura",25/8/201,174,"Infraestrutura/ Políticasp ú b  l ic a s",MTAA/MT,
Rondonópolis,Terra,Bloqueio da BR-364,5/4/201,250,Desapropriação,MST,
Rondonópolis,Terra,Bloqueio da BR-364,26/7/201,200,"Assentamento defamílias",SS,
"São José doXingu",Água,"Bloq. de Balsa do Rio Xingu/BR-080/Contra UHE BeloMonte",23/4/201,100,Contra barragens,Índios,
Sapezal,Água,"Ocup. do Centro de Trad.Gaúchas/T.I. Enawenê-Nawê",22/6/201,250,"Contra barragens/ Defesada água e do meioambiente",Índios,
"Serra de SãoVicente",Terra,Bloqueio da BR-364,16/6/201,,"Assentamento defamílias",MST,
"Serra de SãoVicente",Terra,Bloqueio da BR-364,17/6/201,80,"Assentamento defamílias",MST,
"Serra NovaDourada",Terra,"Reunião com o Incra/PelaConstrução do PDSBordolândia",1/5/201,80,"Assentamento defamílias",SI,
Sinop,Água,"Ato Público/Complexo TelesPires",14/8/201,500,"Defesa da água e domeio ambiente",SI,
Sinop,Água,"Ato Contra UHESinop/Seminário Amazonasem Debate",12/11/201,500,Contra barragens,FTPV*,
Sorriso,Terra,"Bloq. da BR-163/Assent.Santa Rosa I",14/6/201,,"Assentamento defamílias/ Políticasp ú b  l ic a s",MST,
Sorriso,Terra,"Caminhada/Assent. SantaRosa I",15/6/201,,"Assentamento defamílias/ Políticasp ú b  l ic a s",MST,
Sorriso,Terra,"Bloq. da BR-163/Assent.Santa Rosa I",17/6/201,500,"Assentamento defamílias/ Políticasp ú b  l ic a s",MST,
Subtotal:,,,30,7064,,,
Mato Grosso do Sul,,,,,,,
Antônio João,Terra,Bloqueio da MS-164,19/4/201,,"Contra a injustiça e aviolência/ Contraimpunidade/ ReformaAgrária","Fetagri/MS/MST",
"CampoGrande",Terra,"Jornada de Luta contra oAgronegócio e a Violência",8/3/201,300,"Crédito/ Infraestrutura/Educação/ Saúde/ Contraa injustiça e a violência/Assentamento defamílias",Via Campesina,
"CampoGrande",Terra,Bloqueio da MS-060,19/4/201,200,"Contra a injustiça e aviolência/ Contraimpunidade/ ReformaAgrária","Fetagri/MS/MST",
"CampoGrande",Terra,Protesto diante do Incra,24/11/201,150,"Assistência técnica/Reforma Agrária",MST,
Municípios,Característica,Nome da Manifestação,Data,Pessoas,Tipo de Reivindicação,Organização,Tipo Vio.
"CampoGrande",Terra,"Ato Público/AcampamentoTerra Livre",19/8/201,800,"Saúde/ Questõesambientais/ Contra ainjustiça e a violência/Demarcação de áreaindígena",Índios,
Dourados,"QuestãoIndígena","Bloq. da MS-156/AldeiasBororo e Jaguapiru",26/8/201,,Infraestrutura,Índios,
Dourados,Terra,Ocupação do Incra,22/4/201,400,Reforma Agrária,MST,
Dourados,"QuestãoIndígena","Cobrança por Agilidade naDemarcação de TerrasIndígenas",24/8/201,25,"Demarcação de áreaindígena",Índios,
Dourados,"QuestãoIndígena","Manifestação por SegurançaPública",24/11/201,100,"Contra a injustiça e aviolência",Índios,
Dourados,Terra,Bloqueio da BR-463,25/11/201,,"Infraestrutura/Assentamento defamílias",Fetagri/MS,
Dourados,Terra,"Bloq. da BR-463/Agrop.Paquetá",6/12/201,200,"Assentamento defamílias",Fetagri/MS,
Iguatemi,Terra,Bloqueio da MS-295,19/4/201,,"Contra a injustiça e aviolência/ Contraimpunidade/ ReformaAgrária","Fetagri/MS/MST",
Itaquiraí,Terra,"Bloq. da BR-163/Acamp. deBrasiguaios",11/11/201,1500,"Cesta básica/Assentamento defamílias",SS,
Itaquiraí,Terra,"Bloq. da BR-163/Acamp. deBrasiguaios",24/11/201,1000,"Assentamento defamílias",SS,
Miranda,"QuestãoIndígena","Bloq. da BR-262/TICachoeirinha/Faz. Petrópolis",10/5/201,400,"Demarcação de áreaindígena",Índios,
Naviraí,Terra,"Bloq. da MS-487/Assent.Santo Antônio",19/11/201,,Infraestrutura,SI,
"NovaAlvorada doSul",Terra,Bloqueio da BR-267,25/11/201,,"Infraestrutura/Assentamento defamílias",Fetagri/MS,
"NovaAndradina",Terra,Bloqueio da MS-276,19/4/201,200,"Contra a injustiça e aviolência/ Contraimpunidade/ ReformaAgrária","Fetagri/MS/MST",
Ponta Porã,Terra,Bloqueio da MS-164,19/4/201,,"Contra a injustiça e aviolência/ Contraimpunidade/ ReformaAgrária","Fetagri/MS/MST",
Sidrolândia,Terra,Bloqueio da MS-070,25/11/201,,"Infraestrutura/Assentamento defamílias",Fetagri/MS,
Subtotal:,,,21,5275,,,
Minas Gerais,,,,,,,
Aimorés,Água,"Jorn. Nac. de Lutas contraBarragens/ Acamp. na UHEAimorés",14/3/201,,"Reassentamento/Indenização",MAB,
Aimorés,Água,"Caminhada contra Ações daUHE Aimorés",18/3/201,200,"Direitos humanos/Indenização",MAB,
"BeloHorizonte",Terra,"Caminhada em Memória daChacina de Felisburgo",20/11/201,400,"Contra a injustiça e aviolência/ Contraimpunidade",MAB/ MST,
"BeloHorizonte",Trabalhista,"Ato contra Impunidade e oTrab. Escravo/Chacina deUnaí",26/1/201,120,"Contra impunidade/Questões trabalhistas",SI,
"BeloHorizonte",Terra,Ato Público/Faz. Dois Rios,16/7/201,,"Assentamento defamílias",Fetaemg/ LCP,
"BeloHorizonte","QuestãoQuilombola","Audiência Pública naAssembléia Legislativa deMG",17/5/201,20,"Titulação de áreaquilombola",Quilombolas,
"BeloHorizonte",Terra,"Audiência Pública/Assentados de Barra doGuaicui",17/3/201,,"Cumprimento deacordos/ Políticasp ú b  l ic a s",SI,
Municípios,Característica,Nome da Manifestação,Data,Pessoas,Tipo de Reivindicação,Organização,Tipo Vio.
"BeloHorizonte","DireitosHumanos","Acamp. na Pça. daALMG/Jorn. de Luta contra oAgron. e a Violência",6/3/201,500,"Contra a injustiça e aviolência",Via Campesina,
"BeloHorizonte","DireitosHumanos","Caminhada/Jorn. de Lutacontra o Agron. e a Violência",8/3/201,,"Contra a injustiça e aviolência",Via Campesina,
"BeloHorizonte","QuestãoIndígena",Manifestação/Dia do Índio,18/4/201,,Questão Indígena,Índios,
"BeloHorizonte",Água,Ato contra UHE Belo Monte,20/4/201,,Contra barragens,MAB/ MST,
"BeloHorizonte","Questõesambientais","Protesto contra Modificaçãono Código Florestal",30/5/201,,Contra Grilagem,Greenpeace,
"BeloHorizonte",Terra,Ocupação do Incra,7/6/201,400,"Reassentamento/Reforma Agrária","MAB/ MPA/MST",
"BeloHorizonte",Terra,"Pelo Limite da Propriedadeda Terra/Grito dos Excluídos",7/9/201,600,Limite da Propriedade,FNRAJC,
"BeloHorizonte","Questõesambientais","Ato Público contra Violaçõesnas Áreas de PreservaçãoAmbiental",14/12/201,,"Defesa da água e domeio ambiente",CDH,
"BeloHorizonte","Questõesambientais","Ato pela Criação do ParqueNac. do Gandarela/ Contra aVale",22/3/201,,"Defesa da água e domeio ambiente/ Contramineradoras",MPSG,
"BeloHorizonte","Questõesambientais","Audiência Pública do ProjetoMina Apolo/ Vale",14/6/201,100,"Defesa da água e domeio ambiente/ Contramineradoras",MPSG,
Brumadinho,"Questõesambientais","Ato em frente a CâmaraMunicipal/ Contra Construçãode Aterro",25/3/201,150,"Defesa da água e domeio ambiente",CPT/ MCXV,
Brumadinho,"Questõesambientais","Interposição de Ação PopularAmbiental",25/5/201,500,"Defesa da água e domeio ambiente",CPT/ MCXV,
"Campo doMeio",Terra,"Caminhada pelo Limite daPropriedade/Grito dosExcluídos",7/9/201,700,Limite da Propriedade,FNRAJC,
"Diogo deVasconcelos",Água,"Jorn. Nac. de Lutas contraBarragens/ Acamp. na UHEFumaça",14/3/201,300,"Reassentamento/Indenização",MAB,Intimidação
"Diogo deVasconcelos",Água,"Caminhada/Acamp. na UHEFumaça",28/4/201,,"Reassentamento/Indenização",MAB,
"Diogo deVasconcelos",Água,"Marcha contraBarragens/PCH Nova Brito",29/7/201,,"Contra barragens/ Defesada água e do meioambiente",MAB,
"EngenheiroNavarro",Terra,"Audiência Pública/Faz. SantoEloy",2/9/201,,Desapropriação,MST,
"GovernadorValadares",Política Agrícola,"Ocup. do Banco doBrasil/Jornada Nacional deLuta Camponesa",26/5/201,300,"Crédito/ Renegociaçãode dívidas/Assentamento defamílias","MPA/ ViaCampesina",
"GovernadorValadares","Questõesambientais","Ocup. do Instituto deFlorestas/Dia do Trab. Rural",27/7/201,300,Questões ambientais,Via Campesina,
Januária,Terra,"14° Romaria das Águas e daTerra",18/7/201,5000,"Contra a injustiça e aviolência/ ReformaAgrária","Cáritas/ Cimi/CPT",
Manga,Terra,"Caminhada/6° Congresso daLCP do Norte de MG e BA",28/9/201,600,"Contra a injustiça e aviolência/ ReformaAgrária",LCP,
Manga,"DireitosHumanos","Manif. de Solidariedade aosTrabalhadores Presos",8/2/201,400,"Contra a injustiça e aviolência",LCP,
Miravânia,Água,"Audiência Pùblica/Contraações da Ibérica Agrop. Ltda",16/12/201,,Questões ambientais,OI,
Montes Claros,Terra,Ato Público/Faz. Dois Rios,20/9/201,20,"Assentamento defamílias",Fetaemg/ LCP,
Montes Claros,"QuestãoIndígena",Audiência pública/ Xakriabá,9/4/201,50,"Demarcação de áreaindígena",Índios,
Montes Claros,"DireitosHumanos","Celebração dos Mártires/IIICongresso da CPT",19/5/201,,"Contra a injustiça e aviolência",CPT,
Montes Claros,Terra,"Ato pela criação da Resex deSirinhaém/III Congresso daCPT",21/5/201,900,"Defesa da água e domeio ambiente/ ContraExpropriação",CPT,
Municípios,Característica,Nome da Manifestação,Data,Pessoas,Tipo de Reivindicação,Organização,Tipo Vio.
Montezuma,"Questõesambientais","Empate pela Criação daResex Areião",8/4/201,16,Questões ambientais,SI,
Ponte Nova,Água,"Abraço no RioPiranga/Marcha contraBarragens/PCH Nova Brito",1/8/201,2000,"Contra barragens/ Defesada água e do meioambiente",MAB,
"Rio Pardo deMinas","Questõesambientais","Romaria Rumo ao Areião/Pela Criação de Resex",3/6/201,250,Questões ambientais,CPT/ RCONGs,
"Salto daDivisa",Água,"AudiênciaPública/Hidrelétrica deItapebi",28/5/201,100,"Cumprimento deacordos/ Indenização",SS,
"Santa Cruz doEscalvado",Água,"Audiência pública/ UsinaCandonga",26/3/201,,"Cumprimento deacordos/ Indenização",SI,
São Francisco,Política Agrícola,"Bloq. de Balsa no Rio SãoFrancisco",8/11/201,250,"Infraestrutura/ Educação/Saúde",MST,
Teófilo Otoni,Terra,Ato contra o Agronegócio,5/7/201,50,Contra monocultura,SI,
Uberaba,Terra,"Bloq. da BR-050/Faz.Inhumas",16/12/201,150,Reforma Agrária,MST,
Uberlândia,Terra,"Jorn. Nac. de Lutas porR.A./Caminhada",19/4/201,500,Reforma Agrária,MST,
Uberlândia,Terra,"Protesto em frente aoIEF/Jorn. Nac. de Lutas porR.A",20/4/201,,Reforma Agrária,MST,
Uberlândia,Terra,"Acamp. na Pça. Cívica daPrefeitura/Jorn. Nac. deLutas por R.A",20/4/201,,"Infraestrutura/ ReformaAgrária",MST,
Subtotal:,,,47,15876,,,
Pará,,,,,,,
Altamira,Água,"Ocup. do Ibama/Contra UHEBelo Monte",4/2/201,5000,Contra barragens,Índios/ MXV*,
Altamira,"QuestãoIndígena",Ocupação da Funai,4/2/201,150,"Contra barragens/Políticas públicas",Índios,
Altamira,"QuestãoIndígena",Ocupação da UFPA,8/2/201,,Políticas públicas,Índios,
Altamira,Água,"Protesto contra UHE de BeloMonte",14/3/201,300,Contra barragens,MAB,
Altamira,Água,"Bloq. daTransamazônica/Contra UHEBelo Monte",20/4/201,,Contra barragens,"Cimi/ CNBB/CPT/ MAB",
Altamira,Água,"Ato Público/Contra UHE BeloMonte",25/4/201,100,Contra barragens,Índios,
Altamira,Água,"Bloq. daTransamazônica/Contra UHEBelo Monte",21/6/201,400,Contra barragens,MAB,
Altamira,Água,"Caminhada/Contra UHE BeloMonte",22/6/201,400,Contra barragens,MAB,
Altamira,Água,"Caminhada/Acamp. TerraLivre/Contra UHE Belo Monte",11/8/201,30,Contra barragens,"MXV*/ ViaCampesina",
Altamira,Água,Acamp. Terra Livre Regional,12/8/201,500,"Contra barragens/Questão Indígena","Cimi/ COIAB/Índios/ ISA/MAB/ MXV*/ ViaCampesina",
Altamira,Política Agrícola,Ocupação da Celpa,23/2/201,80,Infraestrutura,SI,
Anapu,Terra,V Romaria da Floresta,22/7/201,,"Contra a injustiça e aviolência/ ReformaAgrária",CPT,
Anapu,Terra,"Ato Público/Contra o Prog.Terra Legal",28/3/201,,"Cumprimento deacordos/ Reforma Agrária",CPT,
Barcarena,Terra,"Ato Público contra CVRD/IEnc. Int. dos Povos Ating.pela CVRD",6/4/201,,Contra mineradoras,Cáritas/ SPDDH,
Belém,Água,"Protesto contra UHE de BeloMonte",27/1/201,,"Defesa da água e domeio ambiente",SS,
Belém,Água,"Vígilia Contra UHE BeloMonte",4/2/201,300,Contra barragens,MXV*,
Belém,Água,"Ato Público contra Ação doIbama/UHE Belo Monte",5/2/201,,Contra barragens,MMC/ SPDDH,
Municípios,Característica,Nome da Manifestação,Data,Pessoas,Tipo de Reivindicação,Organização,Tipo Vio.
Belém,Terra,"Ato Público/2° Encontro Nac.do Fórum de AssuntosFundiários",9/9/201,,"Desapropriação/ Contra ainjustiça e a violência",MST,
Belém,Terra,Ocupação da Sede do Incra,9/9/201,200,"Desapropriação/ Contra ainjustiça e a violência",MST,
Belém,Terra,"Ocup. do Incra/Faz. Jesus deNazaré",22/2/201,500,Reforma Agrária,Fetraf,
Belém,"QuestãoQuilombola","Ato Púb. contraGrilagem/Quil. Baixo Acará",12/4/201,,Contra Grilagem,Quilombolas,
Belém,Terra,"Ato Público/Jornada por R.A.e Justiça",17/4/201,600,"Contra a injustiça e aviolência/ ReformaAgrária",Via Campesina,
Belém,Terra,"Ocup. do Incra/Jornada porR.A. e Justiça",19/4/201,600,"Contra a injustiça e aviolência/ ReformaAgrária",Via Campesina,
Belém,Terra,Ocupação do Iterpa,26/4/201,150,Reforma Agrária,Sintraf,
"Canaã dosCarajás",Água,"I Encontro dos Atingidos porMineração/CVRD",11/9/201,130,Contra mineradoras,CPT/ MST/ STR,
"Conceição doAraguaia",Política Agrícola,"Ocup. do Incra/P.A. PadreJosimo",13/9/201,400,"Crédito/ Infraestrutura/Cesta básica/ Políticasp ú b  l ic a s",SI,
"Eldorado dosCarajás",Terra,"Bloq. da BR-155/Faz. EspíritoSanto",14/9/201,200,"Desapropriação/ Políticasp ú b  l ic a s",MST,
"Garrafão doNorte",Terra,"Ato Público/QuestãoFundiária",6/8/201,,"Regularização fundiária/Questão Indígena",SI,
Itaituba,Água,"Caminhada/I Encontro dos 4Rios/Contra UHE Belo Monte",27/8/201,700,"Contra barragens/ Defesada água e do meioambiente","Índios/ MAB/Quilombolas",
Itaituba,Política Agrícola,Bloq. da Transamazônica,30/8/201,300,Infraestrutura,SI,
Marabá,Terra,"Manif. na frente daPref./Acamp. 26 de Março",25/5/201,150,Infraestrutura/ Educação,MST,
Marabá,Terra,Ocupação do Incra,18/5/201,1300,"Contra a injustiça e aviolência/ ReformaAgrária",MST,
Marabá,Terra,"Ato Público contra CVRD/IEnc. Int. dos Povos Ating.pela CVRD",8/4/201,,Contra mineradoras,Cáritas/ SPDDH,
Marabá,Terra,Ocupação do Incra,18/5/201,1300,"Contra a injustiça e aviolência/ ReformaAgrária",MST,
Mosqueiro,Terra,"Protesto na frente do Bc. doBrasil",26/5/201,150,"Infraestrutura/ Incentivosà pequena produção/Reforma Agrária",MST,
Ourilândia,Terra,Bloqueio da PA-279,13/6/201,,"Crédito/ Infraestrutura/Reforma Agrária",STR,
"Ourilândia doNorte",Terra,"Bloq. da PA-279/Faz. Mil eDuzentos e Boa Sorte",9/6/201,,Desapropriação/ Crédito,SI,
Paragominas,"DireitosHumanos",Ocupação da Funasa,6/4/201,60,Saúde,Índios,
Parauapebas,Terra,"Bloq. na entrada da empresaCVRD/P.A. Palmares I e II",26/5/201,300,"Infraestrutura/Cumprimento de acordos",MST,
Parauapebas,Política Agrícola,"Bloq. da FerroviaCarajás/Contra MineradoraVale",29/10/201,1000,"Contra a injustiça e aviolência/ Contramineradoras",MST,
Parauapebas,Terra,"Protesto na frente do Bc. doBrasil",26/5/201,500,"Infraestrutura/ Incentivosà pequena produção/Reforma Agrária",MST,
Parauapebas,Política Agrícola,"Bloqueio da Estrada deAcesso ao Proj. Salobo",26/10/201,,"Infraestrutura/ Contramineradoras",SI,
"Santana doAraguaia",Terra,"Bloq. da BR-158/Faz. OuroVerde e Vitória Régia",24/9/201,350,"Assentamento defamílias",Fetraf,
Santarém,Água,"Vigília Contra UHE BeloMonte",4/2/201,50,Contra barragens,FDA/ MXV*,
Santarém,Água,2a Romaria das Águas,5/6/201,,"Defesa da água e domeio ambiente",SI,
Municípios,Característica,Nome da Manifestação,Data,Pessoas,Tipo de Reivindicação,Organização,Tipo Vio.
"São Félix doXingu",Terra,"Ocup. do Incra/Assent.Pombal",5/4/201,450,Crédito/ Infraestrutura,AAGRIFPOM,
"São Félix doXingu",Terra,Ocupação do Incra,4/6/201,,"Crédito/ Infraestrutura/Reforma Agrária",STR,
Subtotal:,,,49,22150,,,
Paraíba,,,,,,,
"Baía daTraição","QuestãoIndígena","Protesto por Reabertura daFunai",14/9/201,50,Questão Indígena,Índios,
Cajazeiras,Água,"Ato em defesa do Rio SãoFrancisco",23/7/201,,"Revitalização/ContraTransp. do Rio SãoFrancisco",CPT/ MST/ STR,
"CampinaGrande",Água,"Ato dos Atingidos pelaTransp. do Rio São Francisco",18/6/201,82,"Revitalização/ContraTransp. do Rio SãoFrancisco",CPT/ MST/ STR,
"CampinaGrande",Água,"Ato Contra UHE Belo Monteno Pará",20/4/201,,Contra barragens,MAB,
Catingueira,Terra,"Bloq. BR-230/Jornada porR.A.",17/4/201,1200,"Contra a injustiça e aviolência/ ReformaAgrária",MST,
Conde,Terra,"Protesto no Assent. D.Antônia/Lundreegh",11/5/201,500,"Infraestrutura/ Incentivosà pequena produção",OI,
João Pessoa,Terra,"Ocup. Incra/Jornada Nac. deLuta por R.A.",19/4/201,400,"Crédito/ Infraestrutura/Incentivos à pequenaprodução",MST,
João Pessoa,Terra,"Ato pelo Limite daPropriedade",22/7/201,300,Limite da Propriedade,Via Campesina,
João Pessoa,Terra,"Ato pelo Limite daPropriedade/Grito dosExcluídos",1/9/201,1000,Limite da Propriedade,CNBB/ CPT,
João Pessoa,"DireitosHumanos","VII Encontro Estadual dosSem Terrinha",10/10/201,400,"Educação/ ReformaAgrária",MST,
João Pessoa,Terra,"Ocup. da Sudene/Faz.Lajinha",27/9/201,20,Concessão de Uso,STR,
"São José dePiranhas",Água,"Bloq. das Obras da Transp.do Rio São Francisco",14/2/201,200,Indenização,STR,
Sousa,"Questõesambientais","Bloq. BR-457/Contra GrupoSantana",27/1/201,90,"Saúde/ Defesa da água edo meio ambiente/Soberania alimentar",MST,
Sousa,"Questõesambientais","Manif. contra GrupoSantana/Várzeas de Sousa",8/3/201,400,"Saúde/ Contramonocultura/ Defesa daágua e do meioambiente/ Soberaniaalimentar",Via Campesina,
Subtotal:,,,14,4642,,,
Paraná,,,,,,,
Adrianópolis,"QuestãoQuilombola",25a Romaria da Terra,15/8/201,4000,Direitos humanos,CPT,
"Alvorada doSul",Terra,"Bloq. da PR-090/Faz.Maquita",18/3/201,500,Reforma Agrária,Contag,
Chopinzinho,"QuestãoIndígena","Bloq. BR-373/Contra Decreto7.056",12/1/201,,Direitos humanos,Índios,
Chopinzinho,"QuestãoIndígena",Bloqueio da BR-373,12/1/201,1000,Políticas públicas,Índios,
Curitiba,"QuestãoIndígena","Ocup. da Funai/ContraDecreto 7.056",12/1/201,60,Direitos humanos,Índios,
Curitiba,"QuestãoIndígena",Ocupação da Funai,12/1/201,60,Políticas públicas,Índios,
Curitiba,Terra,"Acamp. no Ginásio doTarumã/Jorn. Nac. de Lutaspor R.A.",13/4/201,,"Infraestrutura/ ReformaAgrária",MST,
Curitiba,Terra,"Audiência Pública/Jorn. Nac.de Lutas por R.A.",16/4/201,1000,"Infraestrutura/ Educação/Reforma Agrária",MST,
Curitiba,Terra,"Grito da Terra/Acamp. noGinásio do Tarumã",12/5/201,1500,Desapropriação,Contag/ MAST,
Curitiba,"QuestãoIndígena","Ato Público/ContraReestruturação da Funai",29/5/201,,Questão Indígena,Índios,
Municípios,Característica,Nome da Manifestação,Data,Pessoas,Tipo de Reivindicação,Organização,Tipo Vio.
Curitiba,Terra,Encontro dos Sem Terrinha,8/10/201,4000,"Educação/ Saúde/Direitos humanos/Reforma Agrária",MST,
Guaíra,"QuestãoIndígena","Bloq. na Ponte AyrtonSena/Aldeia TekoáMarangatu",21/6/201,250,"Infraestrutura/ Políticasp ú b  l ic a s",Índios,
Guaratuba,Água,Bloqueio de Ferryboat,21/5/201,90,Seguro defeso,Pescadores,
Jardim Alegre,Política Agrícola,"Acamp. na Frente daPref./Assent. 8 de Abril",1/2/201,400,Infraestrutura,MST,
Jataizinho,"QuestãoIndígena","Bloq. da Pça de Pedágio naBR-369",13/1/201,60,Políticas públicas,Índios,
Jataizinho,Água,Celebração das Águas,14/3/201,300,"Defesa da água e domeio ambiente",CPT,
Londrina,"QuestãoIndígena",Ocupação da Funai,13/1/201,50,Políticas públicas,Índios,
Londrina,"QuestãoIndígena",Ocupação da Funasa,23/3/201,20,Saúde,Índios,
Londrina,Terra,Ocupação do INSS,9/6/201,300,Desapropriação,Contag,
Mangueirinha,"QuestãoIndígena",Bloqueio da PR-281,12/1/201,1000,Políticas públicas,Índios,
Matelândia,Terra,Encontro dos Sem Terrinha,8/10/201,150,"Educação/ Saúde/Reforma Agrária",MST,
Pato Branco,"QuestãoIndígena",Bloqueio da BR-373,13/1/201,,Políticas públicas,Índios,
Porecatu,Terra,"Ato em Frente a Us. Centraldo Paraná/Dia da Mulher",8/3/201,1000,"Desapropriação/ Contramonocultura",Via Campesina,
Porecatu,Política Agrícola,Ocupação da Prefeitura,25/3/201,300,Infraestrutura/ Saúde,Contag,
"Primeiro deMaio",Terra,"Ocup. da Faz.Coopersucar/Protesto porR.A.",19/3/201,300,Reforma Agrária,Contag,
"Quedas doIguaçu",Terra,"Ocup. do Banco do Brasil/P.A. Celso Furtado",21/9/201,250,"Crédito/ Infraestrutura/Incentivos à pequenaprodução",SI,
Rolândia,Terra,Ocupação da Conab,24/8/201,800,"Cesta básica/ Incentivosà pequena produção",Contag,
"São Luís doPurunã",Terra,"Ocup. da Pça de Pedágio naBR-277",12/5/201,,Desapropriação,Contag,
Subtotal:,,,29,17390,,,
Pernambuco,,,,,,,
Água Preta,Terra,"Jornada de Luta contraAgron. e Vio./Dia da Mulher",8/3/201,90,"Reforma Agrária/Soberania alimentar",MST,
Barreiros,Terra,"Protesto por Reconstruçãode Estrada",8/9/201,,Infraestrutura,MST,
Bonito,Terra,"Jornada contra o Agron. eVio/Dia da Mulher",7/3/201,180,"Reforma Agrária/Soberania alimentar",MST,
Carpina,Terra,"Jornada pelo limite daPropriedade",13/4/201,500,Limite da Propriedade,CPT,
Cortês,Terra,"Jornada pelo limite daPropriedade",18/4/201,300,Limite da Propriedade,CPT,
Floresta,Água,"Protesto no Lote 09/ContraTransposição do Rio S.Francisco",22/3/201,100,"Revitalização/ContraTransp. do Rio SãoFrancisco",CPT,
Floresta,Água,"Protesto no canal da Transp.Rio São Francisco",5/5/201,250,"Revitalização/ContraTransp. do Rio SãoFrancisco",CPT,
"Glória doGoitá",Terra,"Protesto contra o Lixo Prox.do Assent. Canavieira",12/4/201,400,"Infraestrutura/ Questõesambientais",MST,
Igarassu,Terra,"Jornada pelo limite daPropriedade",16/4/201,500,Limite da Propriedade,CPT,
Maraial,Terra,"Jornada pelo limite daPropriedade",20/4/201,300,Limite da Propriedade,CPT,
"Nazaré daMata",Terra,"Jornada pelo limite daPropriedade",15/4/201,500,Limite da Propriedade,CPT,
Palmares,Terra,"Jornada pelo limite daPropriedade",14/4/201,300,Limite da Propriedade,CPT,
Municípios,Característica,Nome da Manifestação,Data,Pessoas,Tipo de Reivindicação,Organização,Tipo Vio.
Petrolina,Terra,"Ocup. do Incra/Dia doTrabalhador do Rural",26/7/201,500,"Infraestrutura/Assistência técnica/Reforma Agrária",MST,
Recife,"Questõesambientais","Ato de Solidariedade às Fam.Atingidas por Suape/Us.Trapiche",4/11/201,10,Direitos humanos,OI,
Recife,Água,"Ato pela ResexSirinhaém/Contra ações daSuape",22/11/201,150,"Contra Desmatamento/Contra privatização",CPP,
Recife,"QuestãoIndígena","Protesto na Funai/ÍndiosXucuru",9/3/201,60,"Infraestrutura/ Cestabásica",Índios,
Recife,"DireitosHumanos","Ato Público/Assassinato deZito",24/5/201,,"Contra a injustiça e aviolência/ Contraimpunidade/ ReformaAgrária",Fetraf,
Recife,Terra,"Ocup. Incra/Jornada Nac. deLuta por R.A.",17/4/201,2000,"Infraestrutura/ Incentivosà pequena produção/Reforma Agrária",MST,
Recife,Terra,"Caminhada/Jornada Nac. deLuta por R.A.",19/4/201,,"Infraestrutura/ Incentivosà pequena produção/Reforma Agrária",MST,
Recife,Terra,Ocupação do Incra,22/2/201,250,"Desapropriação/ Crédito/Assistência técnica/Reforma Agrária",CPT,
Recife,Terra,"Marcha das Margaridas/Diada Mulher",8/3/201,2000,Reforma Agrária,Fetape,
Recife,Terra,"Ocup. da Sec. de Agric. eRef. Agrária/Dia da Mulher",8/3/201,400,Reforma Agrária,Via Campesina,
Recife,Água,"Vigília em defesa dosMangues/Contra Lei 1496",22/4/201,,"Defesa da água e domeio ambiente",Aspan,
Recife,"Questõesambientais","Protesto contra Modificaçõesno Código Florestal",30/5/201,,Contra Grilagem,Greenpeace,
Recife,Terra,"Protesto diante do PalácioCampo das Princesas",11/6/201,700,"Desapropriação/Infraestrutura/ Incentivosà pequena produção",Fetraf,
Recife,Terra,3o Grito da Terra Nordeste,7/7/201,5000,"Incentivos à pequenaprodução/ Políticasp ú b  l ic a s",Contag,
Recife,Terra,"Ocup. do Incra/Dia doTrabalhador Rural",26/7/201,500,"Infraestrutura/Assistência técnica/Reforma Agrária",MST,
Recife,Terra,"Bloq. da Avenida Rosa eSilva/Ocup. do Incra",27/7/201,,"Infraestrutura/Assistência técnica/Reforma Agrária",MST,
Recife,Terra,"Ato pelo limite daPropriedade e Soberania",12/8/201,,"Reforma Agrária/ Limiteda Propriedade",CPT/ MST,
Recife,Terra,"Ato pelo Limite daPropriedade e SoberaniaAlimentar",7/9/201,3000,Limite da Propriedade,Via Campesina,
Recife,"QuestãoIndígena","Ato por Direitos das CriançasIndígenas",14/9/201,40,Educação,Índios,
Recife,Água,"Ato contra Destruição doMeio Ambiente/Pela PescaArtesanal",21/10/201,,"Contra Desmatamento/Contra privatização daágua/ Defesa da água edo meio ambiente",MPPA,
Recife,Terra,"11o Encontro dos SemTerrinha/Educação noCampo",24/11/201,1500,"Educação/ ReformaAgrária",MST,
Recife,Água,Ato Público/Contra Petrobrás,2/3/201,1900,"Cumprimento deacordos/ Defesa da águae do meio ambiente",CPP,
Ribeirão,Terra,"Jornada pelo limite daPropriedade",16/4/201,300,Limite da Propriedade,CPT,
"Santa Mariada Boa Vista",Água,"Jornada Nacional de Lutacontra Barragens",28/5/201,1000,Contra barragens,MAB,
Tracunhaém,Terra,"Jornada pelo limite daPropriedade",14/4/201,500,Limite da Propriedade,CPT,
Subtotal:,,,38,23730,,,
Municípios,Característica,Nome da Manifestação,Data,Pessoas,Tipo de Reivindicação,Organização,Tipo Vio.
"Buriti dosLopes",Terra,"Ato por Reconstrução daEstrada de Acesso aoAssent. Canto da Cruz",31/1/201,20,Infraestrutura,CPT,
Esperantina,"DireitosHumanos","Caminhada/Dia Internacionalda Mulher",7/3/201,250,"Contra a injustiça e aviolência/ Políticasp ú b  l ic a s",CPT/ STR,
Esperantina,Trabalhista,Caminhada/Dia do Trabalho,1/5/201,200,Questões trabalhistas,STR,
Esperantina,Terra,"Caminhada/Dia doTrabalhador Rural",25/7/201,,"Incentivos à pequenaprodução",STR,
Miguel Alves,"DireitosHumanos","Ato Público/Dia Internacionalda Mulher",8/3/201,500,"Contra a injustiça e aviolência/ Políticasp ú b  l ic a s",CPT,
Palmeirais,"Questõesambientais","Contra a Implantação daSuzano Papel e Celulose eda UHE Rio Parnaíba",1/9/201,300,"Defesa da água e domeio ambiente",CPT,
Palmeirais,Água,"Acampamento contraConstrução da UHE do RioParnaíba",1/10/201,30,"Contra barragens/ Defesada água e do meioambiente",Furpa,
Parnaíba,Água,Protesto diante do Sine,24/4/201,,Seguro defeso,Pescadores,
Picos,Terra,"Mobilização pelo Limite daPropriedade da Terra",7/9/201,500,Limite da Propriedade,FNRAJC/ FPS,
Teresina,Terra,"Ato por Políticas Públicaspara o Assent. NovaConquista",25/8/201,200,Políticas públicas,CPT,
Teresina,"DireitosHumanos","Ato Público na Pça. daBandeira/Dia Internacional daMulher",8/3/201,,"Contra a injustiça e aviolência/ Políticasp ú b  l ic a s",UMP,
Teresina,Água,"Ato em defesa da Limpezadas Lagoas Sujas",20/3/201,,"Defesa da água e domeio ambiente",Cáritas,
Teresina,Água,"Mobilização pelaPreservação das Águas",22/3/201,150,"Defesa da água e domeio ambiente",FPS,
Teresina,Terra,"Marcha e Ocup. doIncra/Memória MassacreEldorado Carajás",19/4/201,400,"Contra a injustiça e aviolência/ Contraimpunidade/ ReformaAgrária",MST,
Teresina,Terra,"Protesto diante do PalácioKarnak",26/4/201,,Reforma Agrária,MST,
Teresina,Terra,16o Grito da Terra,6/7/201,800,"Regularização fundiária/Seguro safra/ Água",Fetag/PI,
Teresina,Terra,"Mobilização pelo Limite daPropriedade da Terra",7/9/201,1000,Limite da Propriedade,FNRAJC/ FPS,
Uruçuí,Trabalhista,Caminhada/Dia do Trabalho,1/5/201,,"Infraestrutura/ ContraGrilagem",STR,
Subtotal:,,,18,4350,,,
Rio de Janeiro,,,,,,,
"Campos dosGoytacazes",Trabalhista,"Ato pela Cidadania contra oTrab. Escravo/ Us. Cupim",8/3/201,500,"Contra a injustiça e aviolência/ Questõestrabalhistas",Via Campesina,
"Campos dosGoytacazes",Trabalhista,"Audiência Pública sobreTrabalho Escravo",16/4/201,350,Questões trabalhistas,CPT/ CRCTE,
"Campos dosGoytacazes",Terra,"Mobilização diante daPrefeitura",16/4/201,1000,"Infraestrutura/ Políticasp ú b  l ic a s",MST,
Itaperuna,Terra,"Mob. diante da JustiçaFederal/ Jorn. Nac. de Lutapor R.A.",14/4/201,,Desapropriação,MST,
Magé,Água,"Manifestação no Canteiro deObras da Petrobrás",1/9/201,,"Defesa da água e domeio ambiente",Ahomar,
Paracambi,Terra,"14a Romaria da Terra e dasÁguas",25/7/201,,"Questões ambientais/Reforma Agrária",CPT,
Rio de Janeiro,"Questõesambientais",Ato em Frente a Petrobrás,18/1/201,150,"Questões ambientais/Indenização",Ahomar,
Rio de Janeiro,"DireitosHumanos","I Encontro Internacional dosAtingidos pela Vale",12/4/201,150,"Questões ambientais/Questões trabalhistas",,
Rio de Janeiro,"DireitosHumanos","Audiência Pública/ I EncontroIntern. dos Ating. pela Vale",15/4/201,,"Questões ambientais/Questões trabalhistas",,
,"DireitosHumanos","Ato em frente a CVRD/ IEncontro Intern. dos Ating.pela Vale",15/4/201,,"Questões ambientais/Questões trabalhistas",,
Municípios,Característica,Nome da Manifestação,Data,Pessoas,Tipo de Reivindicação,Organização,Tipo Vio.
Rio de Janeiro,Água,"Protesto em Frente aoBNDES/ Contra UHE BeloMonte",24/3/201,,Contra barragens,MXV*,
Rio de Janeiro,Terra,Ocupação do Incra,19/4/201,300,"Assentamento defamílias/ Políticasp ú b  l ic a s",MST,
Rio de Janeiro,"Questõesambientais","Protesto contra Modificaçõesno Código Florestal",30/5/201,,Contra Grilagem,Greenpeace,
Rio de Janeiro,Água,"Protesto pela Liberação deLicenças para Pesca",22/7/201,,Seguro defeso,Fapesca,
Rio de Janeiro,Terra,"Protesto/13a Jornada Nac.dos Sem Terrinha",11/10/201,140,"Educação/ ReformaAgrária",MST,
Subtotal:,,,15,2590,,,
Rio Grande do Norte,,,,,,,
Apodi,"Questõesambientais","Ato contra Transgênicos/3oSeminário Est. de SementesCrioulas",28/5/201,300,Contra Transgênicos,"ASA*/ Cese/CPT/ STR",
Baía Formosa,Água,"Ato contra lixão naComunidade Indígena Sagi",30/11/201,,"Defesa da água e domeio ambiente",Índios,
Ceará-Mirim,Terra,Encontro dos Sem Terrinha,12/12/201,450,"Educação/ ReformaAgrária",MST,
Janduís,Trabalhista,Dia do Trabalhador Rural,26/7/201,300,Questões trabalhistas,Fetraf/ STR,
Mossoró,Política Agrícola,"Ocup. da Prefeitura/Jorn.Nac. de Lutas por R.A.",15/4/201,350,"Infraestrutura/ Saúde/Políticas públicas",MST,
Natal,Terra,"Ocup. do Incra/Jorn. Nac. deLutas por R.A",19/4/201,350,"Desapropriação/Infraestrutura",MST,
Natal,Terra,"Caminhada ContraImpunidade//Jorn. Nac. deLutas por R.A",20/4/201,,Contra impunidade,MST,
Natal,Política Agrícola,"Ato em Frente a CEF/Jorn.Nac. de Lutas por R.A",21/4/201,,Crédito,MST,
Natal,Terra,"Ato pelo Limite daPropriedade",7/9/201,50,Limite da Propriedade,MST,
Poço Branco,"Questõesambientais",Ato Público/Quilombo Acauã,28/6/201,265,Questões ambientais,Quilombolas,
Tibaú,Terra,"Bloq. da BR-304/Faz. SantaJúlia",26/2/201,50,Desapropriação,MST,
Subtotal:,,,11,2115,,,
Rio Grande do Sul,,,,,,,
Arroio Grande,Política Agrícola,Protesto no Banco do Brasil,30/3/201,430,"Crédito/ Renegociaçãode dívidas/ Incentivos àpequena produção","MAB/ MPA/MST",
"AugustoPestana",Política Agrícola,Protesto no Banco do Brasil,30/3/201,200,"Crédito/ Renegociaçãode dívidas/ Incentivos àpequena produção","MAB/ MPA/MST",
Candiota,Política Agrícola,Protesto no Banco do Brasil,30/3/201,570,"Crédito/ Renegociaçãode dívidas/ Incentivos àpequena produção","MAB/ MPA/MST",
Canguçu,Política Agrícola,Protesto no Banco do Brasil,30/3/201,350,"Crédito/ Renegociaçãode dívidas/ Incentivos àpequena produção","MAB/ MPA/MST",
Canguçu,Política Agrícola,Bloqueio da BR-392,26/5/201,100,"Crédito/ Renegociaçãode dívidas/ Incentivos àpequena produção",Via Campesina,
Erechim,Política Agrícola,Protesto na BR-153,26/5/201,400,"Crédito/ Renegociaçãode dívidas/ Incentivos àpequena produção",Via Campesina,
Esteio,"Questõesambientais","Bloq. BR-116/Jornada Nac.de Luta das Mulheres",4/3/201,800,"Contra Transgênicos/Soberania alimentar",Via Campesina,
"FredericoWestphalen",Política Agrícola,Protesto no Banco do Brasil,30/3/201,220,"Crédito/ Renegociaçãode dívidas/ Incentivos àpequena produção","MAB/ MPA/MST",
Iraí,Política Agrícola,Protesto no Banco do Brasil,30/3/201,400,"Crédito/ Renegociaçãode dívidas/ Incentivos àpequena produção","MAB/ MPA/MST",
Municípios,Característica,Nome da Manifestação,Data,Pessoas,Tipo de Reivindicação,Organização,Tipo Vio.
"Júlio deCastilhos",Terra,"Bloq. da BR-158/Assassinatode Elton Brum",20/8/201,40,"Contra a injustiça e aviolência/ Contraimpunidade",MST,
"Júlio deCastilhos","DireitosHumanos","Bloq. BR-158/Jornada Nac.de Luta pela R.A.",20/4/201,,"Educação/ Contraimpunidade",MST,
"Nova SantaRita","DireitosHumanos","Protesto na frente daPrefeitura/Assent. Sta. Rita II",1/7/201,,Infraestrutura/ Educação,MST,
"Palmeira dasMissões",Terra,"Bloq. daERS-569/Assassinato deElton Brum",20/8/201,,"Contra a injustiça e aviolência/ Contraimpunidade",MST,
"Palmeira dasMissões","Questõesambientais","Bloq. RS-569/Jornada Nac.de Luta das Mulheres",4/3/201,800,"Contra Transgênicos/Soberania alimentar",Via Campesina,
"Palmeira dasMissões",Política Agrícola,Protesto no Banco do Brasil,30/3/201,500,"Crédito/ Renegociaçãode dívidas/ Incentivos àpequena produção","MAB/ MPA/MST",
Pelotas,Água,"Manif. dos Pescadores doEstuário Lagoa dos Patos",6/7/201,100,Seguro defeso,OI,
"PinheiroMachado",Política Agrícola,Protesto no Banco do Brasil,30/3/201,150,"Crédito/ Renegociaçãode dívidas/ Incentivos àpequena produção","MAB/ MPA/MST",
Piratini,Política Agrícola,Protesto no Banco do Brasil,30/3/201,200,"Crédito/ Renegociaçãode dívidas/ Incentivos àpequena produção","MAB/ MPA/MST",
Piratini,"DireitosHumanos","Bloq. BR-158/Jornada Nac.de Luta pela R.A.",20/4/201,,"Educação/ Contraimpunidade",MST,
Porto Alegre,Terra,"Protesto na frente doIncra/Assassinato de EltonBrum",20/8/201,500,"Contra a injustiça e aviolência/ Contraimpunidade",MST,
Porto Alegre,"Questõesambientais","Ocup. do MAPA/JornadaNac. de Luta das Mulheres",5/3/201,,"Contra Transgênicos/Contra monocultura/Soberania alimentar",Via Campesina,
Porto Alegre,"DireitosHumanos","Protesto na SEC/Pela EscolaIntinerante",29/3/201,100,Educação,MST,
Porto Alegre,Política Agrícola,Protesto no Banco do Brasil,30/3/201,1500,"Crédito/ Renegociaçãode dívidas/ Incentivos àpequena produção","MAB/ MPA/MST",
Porto Alegre,Água,"Protesto em Frente a Aneel/Contra UHE Belo Monte",20/4/201,,Contra barragens,MAB,
Porto Alegre,Política Agrícola,"Acamp. na frente do CentroAdministrativo",4/5/201,500,"Crédito/ Infraestrutura/Renegociação de dívidas/Incentivos à pequenaprodução",Fetrafsul,
Porto Alegre,"Questõesambientais","Protesto contra Modificaçõesno Código Florestal",30/5/201,,Contra Grilagem,Greenpeace,
Porto Alegre,"Questõesambientais","Protesto contra alteração noCódigo Florestal",11/7/201,50,Contra Desmatamento,SS,
Porto Alegre,Água,"Protesto na frente doIbama/contra UHE de PaiQuerê",23/9/201,100,Contra barragens,SS,
Porto Alegre,Terra,"14o Encontro dos SemTerrinha",11/10/201,500,Educação,MST,
Rio Pardo,"Questõesambientais","Bloq. BR-471/Jornada Nac.de Luta das Mulheres",4/3/201,1000,"Contra Transgênicos/Soberania alimentar",Via Campesina,Agressão
"Santa Cruz doSul",Política Agrícola,Protesto no Banco do Brasil,30/3/201,350,"Crédito/ Renegociaçãode dívidas/ Incentivos àpequena produção","MAB/ MPA/MST",
"Santa Cruz doSul",Política Agrícola,"Caminhada nas Ruas dacidade",26/5/201,80,"Crédito/ Renegociaçãode dívidas/ Incentivos àpequena produção",Via Campesina,
Santa Maria,Terra,Romaria da Terra,16/2/201,5000,"Titulação de áreaquilombola",CPT,
Santa Maria,Política Agrícola,"Protesto pelo aumento doTabaco",3/3/201,2000,Preços,MPA,
"Santana doLivramento",Terra,Ocup. da Secret. de Obras,8/3/201,250,Infraestrutura,MST,
"Santana doLivramento",Política Agrícola,Protesto no Banco do Brasil,30/3/201,200,"Crédito/ Renegociaçãode dívidas/ Incentivos àpequena produção","MAB/ MPA/MST",
Municípios,Característica,Nome da Manifestação,Data,Pessoas,Tipo de Reivindicação,Organização,Tipo Vio.
São Gabriel,"DireitosHumanos","Jornada Nac. deLuta/Memória de Elton Brum",19/4/201,300,"Contra a injustiça e aviolência/ Contraimpunidade/ ReformaAgrária",MST,
São Gabriel,Terra,"Bloq. da BR-290/Assassinatode Elton Brum",20/8/201,150,"Contra a injustiça e aviolência/ Contraimpunidade",MST,
São Gabriel,"DireitosHumanos","Protesto no CRE/Pela EscolaIntinerante",30/3/201,750,Educação,MST,
"São LuizGonzaga",Política Agrícola,Protesto no Banco do Brasil,30/3/201,430,"Crédito/ Renegociaçãode dívidas/ Incentivos àpequena produção","MAB/ MPA/MST",
"São LuizGonzaga","DireitosHumanos","Bloq. BR-285/Jornada Nac.de Luta pela R.A.",20/4/201,200,"Educação/ Contraimpunidade",MST,
"São Migueldas Missões",Política Agrícola,Protesto no Banco do Brasil,30/3/201,300,"Crédito/ Renegociaçãode dívidas/ Incentivos àpequena produção","MAB/ MPA/MST",
Sarandi,Política Agrícola,Protesto no Banco do Brasil,30/3/201,550,"Crédito/ Renegociaçãode dívidas/ Incentivos àpequena produção","MAB/ MPA/MST",
Três Passos,Política Agrícola,Protesto no Banco do Brasil,30/3/201,600,"Crédito/ Renegociaçãode dívidas/ Incentivos àpequena produção","MAB/ MPA/MST",
Tupanciretã,Política Agrícola,Protesto no Banco do Brasil,30/3/201,150,"Crédito/ Renegociaçãode dívidas/ Incentivos àpequena produção","MAB/ MPA/MST",
Tuparendi,Política Agrícola,Grito da Terra Brasil,27/4/201,300,"Crédito/ Incentivos àpequena produção",MPA,
Subtotal:,,,48,21720,,,
Rondônia,,,,,,,
Ariquemes,Terra,"Ato pelo Dia Internacional daMulher/Acamp. Raio do Sol",8/3/201,90,"Contra a injustiça e aviolência/ ReformaAgrária",LCP,
Ariquemes,Terra,Jornada de Lutas,27/5/201,150,Crédito,MPA,
"Candeias doJamari",Terra,"Romaria da Terra e dasÁguas",5/6/201,,"Direitos humanos/Reforma Agrária/ Defesada água e do meioambiente",CPT/ Diocese,
"Colorado doOeste",Terra,"Ocup. do Incra/Faz. SantaElina",19/10/201,60,"Assentamento defamílias",SI,
Guajará-Mirim,"QuestãoIndígena","Ocup. das Escolas SãoJudas Tadeu e Salomão J.de Melgar/T. I. Sagarana",19/5/201,40,Educação,Índios,
Jaru,Terra,"Ato em Memória aosCamponesesAssassinados/Acamp. RioAlto",8/1/201,,"Contra a injustiça e aviolência",LCP,
Jaru,Terra,"Bloq. da BR-364/Jornada deLutas",27/5/201,200,Crédito,MPA,
Ji-Paraná,Trabalhista,"Audiência Pública contra oTrabalho Escravo",29/4/201,,"Questões trabalhistas/Direitos humanos",CPT,
"PimentaBueno",Terra,Jornada de Luta,27/5/201,150,Crédito,MPA,
Porto Velho,Terra,"Protesto diante do Tribunalde Justiça/Assent. Flor doAmazonas",8/12/201,100,"Contra a injustiça e aviolência",CPT,
Porto Velho,Água,"Participação no Comitê deSustentabilidade da UHEJirau",11/1/201,35,"Defesa da água e domeio ambiente",SS,
Porto Velho,Água,"Campanha contra EmpresaGDF Suez/UHE Jirau",13/1/201,5097,Questões ambientais,SS,
Porto Velho,Água,"Por Direito aoReassentamento/UHE Jirau",24/1/201,200,Reassentamento,MAB,
Porto Velho,Água,"Audiência Pública/UHE doRio Madeira",18/2/201,165,Contra barragens,MAB,
Municípios,Característica,Nome da Manifestação,Data,Pessoas,Tipo de Reivindicação,Organização,Tipo Vio.
Porto Velho,Água,"Acamp. em Mutum/AtingidosUHE Sto. Antônio, Jirau eSamuel",15/3/201,500,"Cumprimento deacordos/Reassentamento",MAB,
Porto Velho,Água,"Protesto dos Atingidos pelaUHE Sto. Antônio/Assent.Joana Dar'c",17/11/201,200,Cumprimento de acordos,MAB,
Porto Velho,Terra,Ocupação do Incra,19/4/201,,"Crédito/ Renegociaçãode dívidas",MST,
Porto Velho,Água,Ato Contra UHE Belo Monte,20/4/201,,Contra barragens,MAB,
Porto Velho,Terra,"Protesto diante do MinistérioPúblico Federal",22/4/201,,Questão Indígena,Índios/ MAB,
"São Franciscodo Guaporé",Trabalhista,"Audiência Pública contra oTrabalho Escravo",24/6/201,,"Questões trabalhistas/Direitos humanos",CPT,
Vilhena,"QuestãoIndígena","Ocup. da Funasa/AldeiaTubarão",28/4/201,70,Saúde,Índios,
Subtotal:,,,22,7257,,,
Roraima,,,,,,,
Boa Vista,"QuestãoIndígena","Protesto em Frente a Sededa Funai",7/4/201,100,Questão Indígena,Índios,
Subtotal:,,,1,100,,,
Santa Catarina,,,,,,,
"Águas deChapecó",Água,"Jorn. Nac. de Luta contraBarragens/Acamp. na UHEFoz do Chapecó",16/3/201,600,"Reassentamento/ Contrabarragens",MAB,
"Águas deChapecó",Água,"Ocup. do Canteiro de Obrasda Hidrelétrica Foz doChapecó",26/7/201,450,"Cumprimento deacordos/Reassentamento",MAB,
"AnitaGaribaldi",Terra,"Ato Público/Jorn. Nac. deLutas contra o Agronegócio eViolência",8/3/201,300,"Questões ambientais/Políticas públicas",MMC,
Biguaçu,Água,"Barqueata Contra Estaleiroda OSX",9/10/201,300,"Defesa da água e domeio ambiente",AJIN,
Biguaçu,Água,"Barqueata Contra Estaleiroda OSX",6/11/201,50,"Defesa da água e domeio ambiente",AJIN/ MDBF*,"Impedimento de ir e vir"
Bom Jesus,Terra,"Bloq. de Estrada entre BomJesus e Entre Rios/T.I.Xapecó",21/9/201,,Saúde/ Políticas públicas,Índios,
Capão Alto,Água,"Jorn. Nac. de Luta contraBarragens/Acamp. naBR-116",16/3/201,1500,"Reassentamento/ Contrabarragens",MAB,
Capão Alto,Água,"Bloq. de Rodovia/ Acamp. naBR-116",17/3/201,,Reassentamento,MAB,
Chapecó,Água,"Audiência Pública/ Us.Hidrelética Foz do Chapecó",31/5/201,,Questões ambientais,,
Chapecó,Terra,"Ato Público/Jorn. Nac. deLutas contra o Agronegócio eViolência",8/3/201,700,"Questões ambientais/Políticas públicas",MMC,
Curitibanos,Terra,"Caminhada por ReformaAgrária",28/5/201,500,"Crédito/ Renegociaçãode dívidas/ ReformaAgrária/ Políticasp ú b  l ic a s",Via Campesina,
"DionísioCerqueira",Terra,"Ato Público/Jorn. Nac. deLutas contra o Agronegócio eViolência",8/3/201,1000,"Questões ambientais/Políticas públicas",MMC,
Florianópolis,"DireitosHumanos","Ato de Solidariedade aosTrabalhadores Presos",29/1/201,,"Contra a injustiça e aviolência",MST,
Florianópolis,Terra,"Passeata/Marcha Estadualdo MST",19/4/201,,Reforma Agrária,MST,
Florianópolis,Terra,"Caminhada pela ReformaAgrária/ Marcha Estadual doMST",20/4/201,,Reforma Agrária,MST,
Florianópolis,"QuestãoIndígena",Ocupação da Funasa,14/6/201,200,Saúde,Índios,
Fraiburgo,Política Agrícola,"Manif. por Melhorias nasEstradas",27/5/201,300,Infraestrutura,MST,
Guatambu,Política Agrícola,"Protesto de Avicultores naAgroindústria Bondio",17/6/201,1000,"Incentivos à pequenaprodução/ Preços",Fetraf,
Municípios,Característica,Nome da Manifestação,Data,Pessoas,Tipo de Reivindicação,Organização,Tipo Vio.
Imbituba,Terra,"Protesto ContraDespejo/Votorantim",5/8/201,,Contra Expropriação,Acordi,
Ipuaçu,"QuestãoIndígena",Bloq. da SC-480/T.I. Xapecó,21/9/201,,Saúde/ Políticas públicas,Índios,
Ipumirim,Política Agrícola,"Protesto de Avicultores naAgroindústria Agrofrango",20/7/201,,"Incentivos à pequenaprodução/ Preços",Fetraf,
"Itajaí/Florianópolis",Terra,Marcha Estadual do MST,17/4/201,600,Reforma Agrária,MST,
Joaçaba,Terra,"Ato Público/Jorn. Nac. deLutas contra o Agronegócio eViolência",8/3/201,300,"Questões ambientais/Políticas públicas",MMC,
Lebon Régis,Terra,"Caminhada/5° EncontroEstadual dos Sem Terrinha",8/10/201,300,Infraestrutura/ Educação,MST,
Mafra,Terra,"Ato Público/Jorn. Nac. deLutas contra o Agronegócio eViolência",8/3/201,,"Questões ambientais/Políticas públicas",MMC,
"São Miguel doOeste",Terra,"Ato Público/Jorn. Nac. deLutas contra o Agronegócio eViolência",8/3/201,400,"Questões ambientais/Políticas públicas",MMC,
Subtotal:,,,27,8500,,,
São Paulo,,,,,,,
Andradina,Terra,Ocupação do Incra,26/1/201,200,"Crédito/ Infraestrutura/Reforma Agrária",MST,
Andradina,Terra,Ocupação do Banco do Brasil,16/4/201,100,"Crédito/ Infraestrutura/Reforma Agrária",MST,
Araraquara,Terra,"Ocup. do Incra/Faz.Capim/Sto. Henrique/Cutrale",8/3/201,150,"Infraestrutura/ ReformaAgrária",MST,
Araraquara,Terra,Ocupação do Itesp,13/4/201,,Reforma Agrária,MST,
Araraquara,Terra,Ocupação do Incra,13/4/201,150,Crédito/ Infraestrutura,MST,
Bauru,Terra,"Ocup. do Incra/P. A.Aymorés",9/6/201,,Infraestrutura,SI,
Bauru,Terra,"Audiência Pública em defesadas LiderançasPresas/Cutrale",3/2/201,,"Contra a injustiça e aviolência/ ReformaAgrária",MST,
Bauru,Terra,"Ocup. do Incra/Assent.Laudenor de Souza eAymorés",12/4/201,150,Infraestrutura,MST,
Campinas,Terra,Marcha das Mulheres,8/3/201,3000,"Contra a injustiça e aviolência/ Soberaniaalimentar/ Políticasp ú b  l ic a s","MMM*/ ViaCampesina",
Campinas,Terra,"Ato Político em defesa daRef. Agrária/Faz. Monte d'Este",16/4/201,150,"Contra a injustiça e aviolência/ ReformaAgrária",MST,
Campinas,Terra,"Protesto diante daPrefeitura/Faz. Monte d' Este",29/4/201,150,"Assentamento defamílias",MST,
"Euclides daCunhaPaulista",Terra,"Ocup. do GTC doItesp/Assent. Sta. Rosa, Sta.Tereza, Sta. Rita e Outros",26/4/201,100,"Crédito/ Infraestrutura/Renegociação de dívidas/Questões ambientais",MST,
Iaras,Terra,"Bloq. da SP-81/Assent.Zumbi dos Palmares",18/1/201,150,Cumprimento de acordos,Arzup,
Iaras,Terra,"Romaria da Terra e dasÁguas",25/7/201,2400,"Contra a injustiça e aviolência/ Direitoshumanos/ ReformaAgrária/ Defesa da águae do meio ambien",CPT,
Iaras,Terra,Ocupação do Incra,13/4/201,100,Reforma Agrária,MST,
Ilha Solteira,Terra,Ocupação do Banco do Brasil,16/4/201,230,"Crédito/ Infraestrutura/Reforma Agrária",MST,
Itapetininga,Terra,"Ocup. da Prefeitura/Assent.Carlos Lamarca",2/3/201,50,Infraestrutura,MST,
Itapeva,Terra,Ocupação do Itesp,13/4/201,100,"Infraestrutura/Assistência técnica/Educação/ ReformaAgrária",MST,
Pederneiras,Terra,"Bloqueio da Estrada deAcesso ao Assent. Aimorés",12/8/201,,Regularização fundiária,CUT/ MST,
,Terra,"Marcha contraDespejo/Acamp. na SPV-020",1/3/201,200,"Assentamento defamílias",MST***,
Municípios,Característica,Nome da Manifestação,Data,Pessoas,Tipo de Reivindicação,Organização,Tipo Vio.
"PresidentePrudente",Terra,Protesto diante do Itesp,11/3/201,150,Crédito/ Reforma Agrária,MST,
Ribeirão Preto,Terra,"Protesto diante da Pref. e daProcuradoria doEstado/Assent. Mário Lago",8/3/201,,Educação/ Saúde,MST,
Ribeirão Preto,"Questõesambientais","Ato em defesa do CódigoFlorestal e da ReformaAgrária",29/1/201,122,"Reforma Agrária/ Defesada água e do meioambiente","Greenpeace/Via Campesina",
Rio Claro,Terra,"Ocup. da CerâmicaFigueira/Floresta Est.Edmundo Navarro deAndrade",21/1/201,180,"Assentamento defamílias",Abust,
Riversul,Terra,"Ato Político de Apoio àReforma Agrária/Faz.Can-Can",23/11/201,100,Reforma Agrária,MST,
"São José dosCampos",Terra,Ocupação do Banco do Brasil,16/4/201,230,"Crédito/ Infraestrutura/Reforma Agrária",MST,
São Paulo,Terra,"Ato contra Criminalizaçãodos MovimentosSociais/Cutrale",10/2/201,300,"Contra a injustiça e aviolência/ ReformaAgrária",MST,
São Paulo,Terra,Ocupação do Incra,19/4/201,500,"Crédito/ Infraestrutura/Educação/ Saúde/Assentamento defamílias",MST,
São Paulo,Terra,"Ato diante da SecretariaEstadual de Educação",20/4/201,150,"Educação/ ReformaAgrária",MST,
São Paulo,Terra,"Ato na Praça da Sé/Tribunalda Terra",21/4/201,,Reforma Agrária,"Índios/ MST/Quilombolas",
São Paulo,"Questõesambientais","Ato contra Modific. no Cód.Florestal/Dia Nac. da MataAtlântica",23/5/201,,"Defesa da água e domeio ambiente",SS,
São Paulo,"Questõesambientais","Protesto contra Modificaçõesno Código Florestal",30/5/201,,Contra Grilagem,Greenpeace,
São Paulo,Terra,"Bloqueio da RodoanelSul/Km 47",16/6/201,200,Reforma Agrária,MST,
São Paulo,"Questõesambientais","Protesto contra Exploraçãode Petróleo no Pré-Sal",9/8/201,,"Defesa da água e domeio ambiente",Greenpeace,
São Paulo,Terra,"Manifestação dos SemTerrinha",13/10/201,400,Educação,MST,
Sorocaba,Terra,Ocupação do Banco do Brasil,16/4/201,140,"Crédito/ Infraestrutura/Reforma Agrária",MST,
"TeodoroSampaio",Terra,"Ocup. do Incra/Assent. DonaCarmem",22/7/201,80,Crédito,SI,
"TeodoroSampaio",Terra,"Ocup. do Incra/Assent. SantaCarmem",25/8/201,100,Infraestrutura,SI,
"TeodoroSampaio",Terra,Ocupação do Incra,15/4/201,,"Crédito/ Infraestrutura/Reforma Agrária",MST,
"TeodoroSampaio",Terra,Ocupação do Banco do Brasil,15/4/201,150,"Crédito/ Infraestrutura/Reforma Agrária",MST,
Tremembé,Terra,"Ocupação da Secretaria deEducação",12/4/201,,Educação,MST,
Subtotal:,,,41,10182,,,
Sergipe,,,,,,,
Aracaju,Terra,"Ocup. da Adema/Assent.Caraíba",9/2/201,,Infraestrutura,MST,
Aracaju,Terra,Grito da Terra,27/5/201,4000,"Crédito/ Infraestrutura/Educação/ Saúde/Questões ambientais/Questões trabalhistas/Reforma Agrári",Fetase,
Aracaju,Trabalhista,"Caminhada/Dia Internacionalda Mulher",8/3/201,,"Contra a injustiça e aviolência/ Questõestrabalhistas/ Políticasp ú b  l ic a s",CUT,
,Terra,"Acamp. na Pça. Dr. RanulfoPrata/Dia Internac. da Mulher",10/3/201,1000,"Contra monocultura/Contra a injustiça e aviolência/ Soberaniaalimentar",MST,
Municípios,Característica,Nome da Manifestação,Data,Pessoas,Tipo de Reivindicação,Organização,Tipo Vio.
Aracaju,Terra,"Protesto diante do Banco doBrasil, do Nordeste e do Incra",20/4/201,1000,"Desapropriação/ Crédito/Infraestrutura/Renegociação de dívidas",ST,
Aracaju,Terra,"Caminhada/Dia doTrabalhador Rural",23/7/201,20000,"Desapropriação/Infraestrutura/ Educação",ST,
Aracaju,Terra,"Pelo Limite da Propriedadeda Terra/Grito dos Excluídos",7/9/201,,Limite da Propriedade,NRAJC,
"Canindé deSão Francisco",Terra,"Ato em Memória doMassacre de Eldorado dosCarajás",17/4/201,,"Contra a injustiça e aviolência/ Contraimpunidade/ ReformaAgrária",ST,
Estância,Terra,"Ato em Memória doMassacre de Eldorado dosCarajás/Assent. 17 de Abril",17/4/201,,"Contra a injustiça e aviolência/ Contraimpunidade/ ReformaAgrária",ST,
Japaratuba,Terra,"Bloq. da BR-101/Faz. SãoJ o ã o",7/5/201,100,Cesta básica/ Água,ST,
Japaratuba,Terra,"Bloq. da BR-101/Faz. SãoJ o ã o",23/11/201,100,"Assentamento defamílias",ST,
Subtotal:,,,11,26200,,,
Tocantins,,,,,,,
Araguaína,Água,"Ato Público/Marcha dosAtingidos pela UHE deEstreito",23/8/201,,"Reassentamento/Indenização",PT/ MAB/ MST,
Araguaína,Água,"Marcha dos Atingidos pelaUHE de Estreito",1/9/201,1000,"Reassentamento/Indenização",PT/ MAB/ MST,
Palmas,"DireitosHumanos","Caminhada em defesa daVida, Direitos Humanos eSoberania Alimentar",8/3/201,800,"Direitos humanos/Reforma Agrária/Soberania alimentar",ia Campesina,
Palmas,"QuestãoIndígena","Ato diante da Funasa/Assembléia dos Povos Ind.de GO e TO",26/5/201,300,Saúde,ndios,
Palmas,"QuestãoIndígena","Ato Público/ComunidadesIndígenas de GO e TO",6/8/201,60,"Infraestrutura/ Educação/Saúde",ndios,
Subtotal:,,,5,2160,,,